Fid,Name_of_Monitoring_Location,Type_Water_Body,State_Name,"Temperature
",Dissolved_Oxygen_mgperL,pH,Conductivity _mhospercm,BOD_mgperL,NitrateN_NitriteN_mgperL,Fecal_Coliform_MPNper100ml,Total_Coliform_MPNper100ml,Label
239.255.255.250-10.42.0.1-1900-48057-17,"KOLLERU LAKE KOKKIRAYALANKA (V), KAILALUR (M)",LAKE,ANDHRA PRADESH,27,6.5,8,5160,3.2,3.6,21,210,1
10.42.0.211-10.42.0.1-36382-53-17,"KONDAKARLA-AAVA LAKE, PARAWADA PHARMA CITY, VISHAKHAPATNAM",LAKE,ANDHRA PRADESH,29,6.8,7.8,1179,4.6,3.56,23,240,0
203.205.158.63-10.42.0.151-80-34810-6,"PULICATE LAKE , NELLORE DIST",LAKE,ANDHRA PRADESH,24,6,8.2,56900,2.8,1.64,3,150,1
220.243.219.55-10.42.0.42-80-37086-6,"CHENGAMBAKAM TANK IN SRI CITY SEZ,
TIRUPATHI",TANK,ANDHRA PRADESH,29,6.2,7.9,476,2.5,2.3,365,549,0
172.217.12.170-10.42.0.42-443-40096-6,"ANNAMAYYA PROJECT ON CHEYYERU
RESERVOIR",Wetland,ANDHRA PRADESH,30,6.5,8,734,2.3,1,289,727,1
10.42.0.211-23.52.146.64-33393-443-6,ANUMANAPALLE CHERUVU,Wetland,ANDHRA PRADESH,23,7.5,9,320,2.2,1.79,4,150,0
172.217.10.67-10.42.0.151-443-52315-6,BRAMHASAGAR,Wetland,ANDHRA PRADESH,29,6.4,7.9,608,2.2,0.67,322,602,1
10.42.0.151-123.125.115.190-35010-80-6,DALI TANK,Wetland,ANDHRA PRADESH,31,7.3,8.5,18950,2.5,2.82,15,150,0
174.129.31.175-10.42.0.211-443-41085-6,GACCHAKAYALA PORA (LAGOON),Wetland,ANDHRA PRADESH,31,7.2,8.6,56900,3.6,2.86,15,120,1
172.217.11.14-10.42.0.211-443-48510-6,GANGINENI CHERUVU,Wetland,ANDHRA PRADESH,30,5.8,8.1,1326,3.5,4.51,659,1120,0
10.42.0.151-10.42.0.1-63501-53-17,INTERU SWAMPS,Wetland,ANDHRA PRADESH,26,7.5,7.9,26800,2.8,1.8,3,150,1
10.42.0.211-23.205.16.85-52452-80-6,KATTAMANCHI CHERUVU,Wetland,ANDHRA PRADESH,30,5.6,8.1,1303,3.2,2.91,525,1120,0
172.217.10.106-10.42.0.151-443-33506-6,KRISHNA MANGROVES,Wetland,ANDHRA PRADESH,28,6.2,8,34500,2.8,1.81,3,150,1
172.217.10.14-10.42.0.42-443-58558-6,MID PENNAR RESERVOIR,Wetland,ANDHRA PRADESH,27,6.3,7.9,560,1.7,2.57,376,659,0
172.217.12.174-10.42.0.151-443-43434-6,NAUPADA SWAMPS,Wetland,ANDHRA PRADESH,32,8,8.3,58500,4.1,6.16,28,1100,1
172.217.7.163-10.42.0.211-443-40800-6,P .S. CHINNAIAH PALEM,Wetland,ANDHRA PRADESH,30,8,8.2,1340,4.1,1.92,21,210,0
239.255.255.250-10.42.0.1-1900-33895-17,PATATEKALLI CHERUVU,Wetland,ANDHRA PRADESH,32,8.5,8.6,53100,22,3.87,23,460,0
10.42.0.211-123.59.190.251-45015-80-6,PATHAKOTHA CHERUVU,Wetland,ANDHRA PRADESH,28,6.1,8.1,1702,3,2.94,629,1046,1
10.42.0.211-10.42.0.1-63824-53-17,PEDDA CHERUVU,Wetland,ANDHRA PRADESH,32,7.5,7.7,1450,54,6.09,39,2400,1
172.217.10.42-10.42.0.151-443-56540-6,SANGAMESWARA BACKWATERS,Wetland,ANDHRA PRADESH,27,6.4,7.9,1210,2.7,2.34,356,840,0
205.185.216.42-10.42.0.211-80-49294-6,SOMASILA BACK WATER,Wetland,ANDHRA PRADESH,29,6.5,7.9,795,1.8,0.94,373,594,1
172.217.12.206-10.42.0.211-443-57217-6,TATIPUDI RESERVOIR,Wetland,ANDHRA PRADESH,32,8,8.2,392,2.4,2.29,4,75,1
10.42.0.151-10.42.0.1-50987-53-17,UPPALANKA MUDFLATS,Wetland,ANDHRA PRADESH,29,8,8,39600,5.8,3.02,15,150,1
172.217.10.74-10.42.0.151-443-33086-6,UPPALAPADU TANK,Wetland,ANDHRA PRADESH,24,7.6,8.4,937,4.4,4.52,4,2400,0
10.42.0.151-10.42.0.1-26896-53-17,YERRAKALUVA RESERVOIR,Wetland,ANDHRA PRADESH,28,8.2,8,1175,2.8,2.29,7,93,1
10.42.0.211-52.94.232.32-35482-443-6,"BORBEEL NO. 1 , RAM NAGAR, DIGBOI,
PUBLIC WATER SUPPLY, TINSUKIA",LAKE,ASSAM,24,1,7.8,282,2.4,1,2,2,1
203.205.147.229-10.42.0.151-80-50842-6,"BORDOIBAM BEELMUKH BIRD
SANCTUARY, DHEMAJI",LAKE,ASSAM,26,8.5,7.7,208,2.7,1.2,910,2000,0
10.42.0.211-23.203.49.224-57177-443-6,"BORSOLA BEEL, SARABBHATTI,
GUWAHATI",LAKE,ASSAM,32,6.3,7.8,470,29.2,2.8,3900,6400,1
180.149.138.210-10.42.0.211-80-37279-6,"DALONI BEEL NEAR JOGIGHOPA, ASSAM",LAKE,ASSAM,36,5.5,7.8,81,2.6,1.1,730,1500,0
172.217.12.206-10.42.0.211-443-60291-6,"DEEPAR BEEL AT BORAGAON NEAR
IASST, GUWAHATI, ASSAM",LAKE,ASSAM,31,10.8,7.8,288,5,2,730,1600,0
10.42.0.211-10.42.0.1-57260-53-17,"DEEPAR BEEL, ASSAM",LAKE,ASSAM,31,10.8,7.8,291,5.2,1.8,730,1600,0
10.42.0.42-103.235.46.212-48455-80-6,"DIPLAI BEEL AT SILGARA, KOKRAJHAR",LAKE,ASSAM,34,5.5,7.6,98,2.9,1.4,730,1600,1
174.36.210.49-10.42.0.211-443-54136-6,"HOLUDUNGA BEEL NEAR GAI NADI/
RIVER AT SOMARAJAN, DHEMA JI",LAKE,ASSAM,25,8.4,7.6,130,2.8,0.9,730,1500,1
202.77.129.230-10.42.0.211-80-37702-6,"KAMALABARI LAKE INSIDE KAMALABARI
CHILDREN,S PARK, GELEKY",LAKE,ASSAM,35,7.6,7.6,85,2.5,1.2,360,910,1
10.42.0.211-10.42.0.1-3332-53-17,"KAMALPUR BEEL, KAMALPUR",LAKE,ASSAM,27,3.8,7.8,1150,30.4,3.4,1400,2700,1
10.42.0.211-50.18.174.184-55221-443-6,"MALINI BEEL NEAR INDUTRIAL AREA AT
RAMNAGAR",LAKE,ASSAM,25,6.2,7.7,164,2.8,1,610,1600,1
172.217.12.174-10.42.0.151-443-49488-6,"MER BEEL AT MADHABPUR, ASSAM",LAKE,ASSAM,25,7.8,8,161,2.8,1.1,720,2000,1
10.42.0.1-10.42.0.42-53-20213-17,PARASHALI BEEL AT DEMORIA,LAKE,ASSAM,30,10.2,7.6,152,2.8,1.2,930,2000,0
10.42.0.211-106.11.94.27-40316-443-6,SAMAGURI BEEL IN NAGAON DISTRICT,LAKE,ASSAM,34,7.1,7.5,143,2.9,1.1,730,2000,0
172.217.6.234-10.42.0.42-443-53609-6,"SILSAKO BEEL, CHACHAL, GUWAHATI",LAKE,ASSAM,33,1.4,7.6,532,19,2.6,2300,4300,1
10.42.0.211-52.179.153.195-40898-443-6,SON BEEL WATER AT KARIMGANJ,LAKE,ASSAM,25,4.3,7.5,158,2.8,1.2,910,2100,0
10.42.0.151-10.42.0.1-48010-53-17,"SORU SOLA BEEL, PALTAN BAZAR,
GUWAHATI",LAKE,ASSAM,32,6.7,8,486,29.4,2.8,3600,5300,0
10.42.0.151-123.125.115.164-34601-443-6,"BASKANDI POND INSIDE THE BASKANDI MADRASA, BASKANDI, ASSAM",POND,ASSAM,24,4.8,7.5,130,2.6,1.2,910,2000,1
172.217.11.2-10.42.0.211-443-34918-6,"BISHNU PUSKAR PUKHURI OF HAYAGRIB MADHAB TEMPLE, HAJO, ASSAM",POND,ASSAM,27,10,7.6,242,2.6,1.3,2300,4300,1
174.35.73.135-10.42.0.211-80-41771-6,"BOR BEEL AT JAKAI., ASSAM",POND,ASSAM,25,7,7.8,297,2.8,1.1,730,1500,0
10.42.0.151-10.42.0.1-44907-53-17,BORPUKHURI AT SONARI,POND,ASSAM,33,7.4,8,111,2.6,1.1,360,1100,0
169.47.42.121-10.42.0.211-5222-55769-6,"BORPUKHURI, NAZIRA, ASSAM",POND,ASSAM,34,7.6,7.7,96,2.5,1.1,360,910,1
180.149.134.221-10.42.0.42-80-59911-6,"BOTODRIVA SATRA POND, NAGAON,
ASSAM",POND,ASSAM,30,6.2,7.6,88,2.8,1.1,730,1500,1
216.58.219.195-10.42.0.42-443-38330-6,"CHAND DUBI BEEL, CHAND DUBI, ASSAM",POND,ASSAM,32,10.3,7.7,108,2.6,1.1,730,1500,0
220.243.219.55-10.42.0.211-80-58239-6,"DIGHALI PUKHURI, GUWAHATI, ASSAM",POND,ASSAM,35,11.2,7.7,321,3,1.8,730,2000,1
10.42.0.151-10.42.0.1-61678-53-17,"ELANGABEEL SYSTEM POND
(CONNECTED TO R. KOLANG), ASSAM",POND,ASSAM,29,6.8,7.6,882,2.8,1.3,910,2100,0
10.42.0.211-59.38.112.48-59520-443-6,"GALA BEEL AT DERGAON, ASSAM",POND,ASSAM,30,9.2,7.8,103,2.5,1.1,720,1500,0
172.217.11.14-10.42.0.211-443-33680-6,"GANGA PUKHURI, NALBARI (GORDON
SCHOOL), ASSAM",POND,ASSAM,27,10.2,7.8,89,2.8,1.1,730,1500,0
10.42.0.151-98.139.199.204-36905-443-6,"GAURISAGAR TANK, GAURISAGAR,
ASSAM",POND,ASSAM,36,7,7.6,83,2.7,1.4,730,1500,1
192.229.173.173-10.42.0.211-443-44347-6,"GOPHUR TANK, GOPHUR, ASSAM",POND,ASSAM,32,7.6,7.8,119,2.6,1.2,360,1500,0
10.42.0.151-64.71.142.124-36135-443-6,"HORDAI PUKHURI, CHARAIDEW, ASSAM",POND,ASSAM,32,7.2,7.4,77,2.7,1.1,360,910,0
172.217.6.227-10.42.0.151-443-58519-6,"JAIPAL PUKHURI, SIPAJHAR, ASSAM",POND,ASSAM,31,8,8,210,2.8,1.1,720,1400,1
10.42.0.1-10.42.0.42-53-16933-17,"JORPUKHURI AT UZANBAZAR
(UGRATALA TEMPLE)",POND,ASSAM,35,11,8,404,2.9,1.2,910,2000,1
10.42.0.42-23.101.156.198-42150-443-6,"MAHAMAYA MANDIR PUKHURI, ASSAM",POND,ASSAM,36,5.1,8,95,2.6,1.1,910,2100,1
202.77.129.150-10.42.0.211-443-35365-6,NETAI PUKHURI AT NETAI PUKHURI,POND,ASSAM,35,7.6,7.9,88,2.6,1.1,360,910,0
172.217.12.142-10.42.0.151-443-49138-6,"PADUMPUKHURI, TEZPUR, ASSAM",POND,ASSAM,33,7.8,7.8,304,2.7,1.3,730,1500,1
184.73.243.250-10.42.0.211-443-57260-6,"POND WATER FROM RAMKRISHNA
MISSION AT HAILAKANDI",POND,ASSAM,25,5.4,7.7,179,2.6,1,940,1600,1
10.42.0.211-104.88.89.135-40911-443-6,"RAJADINIA PUKHURI AT ABHAYAPURI, ASSAM",POND,ASSAM,38,5.7,7.7,80,2.6,1.2,910,2000,1
219.142.78.162-10.42.0.211-443-59395-6,"RAJAPUKHURI AT GAURIPUR, ASSAM",POND,ASSAM,36,5.6,7.9,126,2.6,1.2,910,2000,1
10.42.0.211-98.139.199.204-37891-443-6,"RAJMAW PUKHURI, JORHAT, ASSAM",POND,ASSAM,33,7.8,7.8,109,2.6,1.2,360,910,0
10.42.0.211-10.42.0.1-54343-53-17,"SARAN BEEL, ASSAM",POND,ASSAM,32,7,7.6,105,2.7,1.1,730,1500,0
10.42.0.211-121.12.98.62-47808-80-6,"SIVASAGAR TANK (BORPUKHURI) NEAR
SIVADOL, ASSAM",POND,ASSAM,36,7.5,7.6,90,2.8,1.1,730,1500,0
10.42.0.211-119.146.74.34-52903-80-6,"SUBHAGYA KUNDA POND KAMAKHYA
TEMPLE, GUWAHATI, ASSAM",POND,ASSAM,30,8.5,7.8,247,2.7,1.1,730,2100,1
183.79.250.123-10.42.0.211-443-33999-6,"THOWRADOLE PUKHURI, THOWRADOLE
G.P. DEMOW BLOCK",POND,ASSAM,36,7.8,7.7,89,2.8,1.1,360,910,0
203.205.151.47-10.42.0.151-80-35400-6,"GOYSAGAR TANK, SIBSAGAR, ASSAM",TANK,ASSAM,36,6.5,7.6,88,2.6,1.1,300,730,0
10.42.0.151-54.243.94.115-37027-443-6,"KAWAR LAKE, BEGUSARAI",LAKE,BIHAR,31,9.2,7.5,360,4.2,6.2,92000,160000,0
151.101.1.140-10.42.0.211-443-44570-6,MOTI JHEEL AT MOTIHARII,LAKE,BIHAR,29,22,8.3,1080,16,2.57,160000,160000,1
172.217.12.142-10.42.0.151-443-43672-6,"SIKANDRAPUR, MUZAFFARPUR",LAKE,BIHAR,32,18.5,9,948,10,0.5,160000,160000,0
10.42.0.211-10.42.0.1-52775-53-17,SURAJ KUND AT GAYA,POND,BIHAR,31,16,8.2,817,6.9,1.65,160000,160000,0
10.42.0.151-58.220.11.230-51565-80-6,TIGHI TALAB AT GAYA,POND,BIHAR,31,19.6,8.8,1140,8,1.17,160000,160000,0
10.42.0.211-23.208.218.4-57725-443-6,"SUKHNA LAKE, CHANDIGARH",LAKE,CHANDIGARH,33,10.3,8.7,295,3.6,15,27000,10900000,1
10.42.0.211-10.42.0.1-60699-53-17,"HITKASA TAILING DAM, RAJHARA, CHHATISGARH.(DALLI RAJHARA IRON
ORE MINES, DALLI RAJHARA)",LAKE,CHHATTISGARH,32,6.8,7.8,,16,0.64,170,170,1
172.217.6.206-10.42.0.151-443-48758-6,"NEHRU NAGAR TALAB, BHILAI, CHHATISGARH.",POND,CHHATTISGARH,31,7.2,7.8,,2.8,0.59,110,170,0
10.42.0.211-64.71.142.125-37520-443-6,"BHALSWA LAKE, DELHI",LAKE,DELHI,32,1.7,8.1,6560,55,2.1,3300000,14000000,1
10.42.0.211-10.42.0.1-12769-53-17,"LAKE NEAR IIT FLYOVER, DELHI",LAKE,DELHI,34,11,9.1,940,163,2.6,980000,79,0
239.255.255.250-10.42.0.1-1900-50877-17,"SANJAY LAKE, DELHI",LAKE,DELHI,33,9,8.3,1194,57,2.04,40000,130,0
174.35.73.97-10.42.0.211-80-54350-6,ANJUNEM LAKE,LAKE,GOA,32,7.9,7.4,140,1.6,0.54,240,540,0
10.42.0.211-125.39.133.40-50444-80-6,CARAMBOLIM LAKE,LAKE,GOA,30,8.8,8.3,603,2.8,0.39,1300,3300,1
169.45.210.72-10.42.0.151-443-49893-6,CURTORIM LAKE,LAKE,GOA,31,6.7,7.7,195,2.9,1.22,2300,4900,0
10.42.0.151-31.13.80.37-59434-443-6,HARWALE WATER FALL,LAKE,GOA,33,8.4,7.4,167,1.9,0.44,3300,5400,0
239.255.255.250-10.42.0.151-1900-59579-17,"MAYEM LAKE, BICHOLIM",LAKE,GOA,32,8.2,7.3,96,1.8,0.32,2200,2700,0
203.205.158.53-10.42.0.151-80-38446-6,RAIA LAKE,LAKE,GOA,31,7.7,7.7,177,3.4,1.12,2700,3900,0
10.42.0.42-52.179.189.71-56644-443-6,RUMDER LAKE,LAKE,GOA,32,6,7.8,141,3.8,0.52,2300,4900,1
10.42.0.151-31.13.80.5-52267-443-6,SAIPEM LAKE,LAKE,GOA,30,4.9,7.8,463,8,1.18,4900,7900,1
10.42.0.211-52.84.37.117-57337-443-6,"SALAULIM LAKE AT SALAULIM -
SANGUEM, GOA",LAKE,GOA,33,8.1,8.5,139,1.8,0.9,49,79,1
10.42.0.211-63.251.88.56-34725-443-6,"AJWAH LAKE AT SRI SAYAJI SABVAR,
BARODA,",LAKE,GUJARAT,30,8.5,8.5,502,1,0.39,11,70,1
10.42.0.211-121.12.98.62-47809-80-6,"ANKLESHWAR RESERVOIR AT GIDC
ANKLESHWAR AT VALIA ROAD.",LAKE,GUJARAT,31,8.5,8.3,508,1,0.5,27,70,0
10.42.0.211-10.42.0.1-17531-53-17,"BINDUSAROVAR, SIDDHPUR
(DIST.PATAN)",LAKE,GUJARAT,29,7.2,8,2415,10.5,1.3,120,350,0
10.42.0.211-31.13.67.16-36721-443-6,"CHANDOLA LAKE AT AHMEDABAD,",LAKE,GUJARAT,30,6.9,8.4,669,19,1.68,920,1600,1
10.42.0.211-122.225.81.61-49429-80-6,CITY LAKE OF NADIAD,LAKE,GUJARAT,35,6.7,8.5,1621,3.2,0.72,350,540,0
10.42.0.211-77.234.44.42-41658-80-6,"GOMTI LAKE, OPP, RANCHODAJI
TEMPLE, DAKOR, KHEDA",LAKE,GUJARAT,33,6.8,8.5,646,3.2,1.6,140,350,1
10.42.0.211-10.42.0.1-26521-53-17,"HAMISAR TALAV, BHUJ",LAKE,GUJARAT,30,6.4,8.4,690,2.8,0.46,7,28,1
10.42.0.211-10.42.0.1-42051-53-17,"KANKORIA LAKE AT AHMEDABAD, NR.
BALVATIKA,",LAKE,GUJARAT,30,8.4,9.1,3999,22,1.63,920,1600,1
10.42.0.42-103.7.30.118-38502-80-6,"KUWADAVA LAKE, VILL. KUWADAVA,
DIST. RAJKOT.",LAKE,GUJARAT,30,6.9,8.4,3120,2.5,0.75,170,540,0
10.42.0.151-59.38.112.48-51076-80-6,"LAKHOTA TALAV, JAMNAGAR",LAKE,GUJARAT,29,4.4,8.4,835,2.1,0.6,6,27,1
10.42.0.211-10.42.0.1-63377-53-17,"MACHHU-II DAM, RAFLESHWAR, MORBI, RAJKOT",LAKE,GUJARAT,29,6.8,8.6,1012,2.4,0.43,21,49,0
10.42.0.211-77.234.44.200-33520-80-6,"MALAV TALAV, DHOLKA",LAKE,GUJARAT,32,9.2,9.1,3850,27,0.72,540,920,1
202.77.129.150-10.42.0.42-443-47760-6,MOONSAR LAKE OF VIRAMGAM,LAKE,GUJARAT,30,7.5,9,6138,59,1.1,920,1600,0
192.229.173.173-10.42.0.211-443-56517-6,"MOTICHER LAKE NEAR KAKARPAR
ATOMIC POWER STATION, DIST. SURAT.",LAKE,GUJARAT,30,7.6,8.3,773,1.1,0.42,6,33,1
8.43.72.77-10.42.0.211-443-50370-6,"NALSAROVAR LAKE (SANAND),
DIST.AHMEDABAD",LAKE,GUJARAT,30,8.4,8.8,11480,24,0.76,540,920,0
10.42.0.211-64.71.142.124-40376-80-6,NARSIMEHTA TALAV- JUNAGADH,LAKE,GUJARAT,29,6.5,8.3,1020,2.9,0.35,49,130,1
209.10.120.26-10.42.0.211-80-41949-6,"SURSAGAR LAKE AT BARODA,",LAKE,GUJARAT,32,7.3,8.5,1136,4.1,0.45,350,540,0
202.77.129.150-10.42.0.151-80-39300-6,VHERAIMATA TALAV AT ANAND,LAKE,GUJARAT,28,5.5,8.5,779,4.1,0.91,350,540,1
10.42.0.151-121.12.98.62-47653-80-6,"DHUDHIA TALAV AT NAVSARI, DIST.
NAVSARI.",POND,GUJARAT,31,7.8,8.4,564,1.9,0.57,17,120,0
10.42.0.211-104.192.110.245-33394-80-6,"OLPAD, VILLAGE POND:OLPAD, SURAT",POND,GUJARAT,30,8.2,8.4,1038,2.5,0.32,110,280,0
172.217.11.10-10.42.0.211-443-52657-6,THOL TANK (KALOL) (DIST. MEHASANA),TANK,GUJARAT,35,7.7,8.5,1360,29,1.04,540,920,1
172.217.6.232-10.42.0.211-443-50437-6,"BRAHMSAROVAR LAKE AT
KURUKSHETRA",LAKE,HARYANA,,7.8,8,812,4.5,2.84,14100,34800,0
10.42.0.151-98.139.180.149-58152-443-6,"KAUSSHALAYA LAKE, PINJORE,
PANCHKULA",LAKE,HARYANA,,7.2,8.2,488,4.8,0.88,4800,12000,1
10.42.0.211-23.23.129.231-47746-443-6,SOHNA LAKE,LAKE,HARYANA,32,7.2,7.9,1360,9,3.2,39000,110000,0
10.42.0.211-115.239.210.141-51792-80-6,"SANHIT SAROVAR, KURUSHETRA",POND,HARYANA,,8,7.8,785,4.6,0.3,11800,24000,1
10.42.0.211-10.42.0.1-22262-53-17,GOBINDSAGAR LAKE AT BILASPUR,LAKE,"HIMACHAL
PRADESH",23,9.7,8,380,1,2.14,540,1600,0
172.217.3.110-10.42.0.151-443-41677-6,KHAZIAR LAKE,LAKE,"HIMACHAL
PRADESH",17,7.1,7.7,113,2,1.9,2,84,1
10.42.0.211-77.234.44.201-56532-80-6,"PONGDAM LAKE AT PONG VILLAGE,",LAKE,"HIMACHAL
PRADESH",26,9.2,8.2,225,1,1.2,2,63,0
172.217.10.10-10.42.0.151-443-52315-6,"RENUKA LAKE , 35 KM FROM PATNA
SAHIB NORTH",LAKE,"HIMACHAL
PRADESH",22,8.9,8.5,625,2,0.82,46,350,0
203.205.147.229-10.42.0.151-80-34427-6,RIWALSAR LAKE,LAKE,"HIMACHAL
PRADESH",27,9.8,8.3,746,5,1.74,920,1600,1
172.217.12.142-10.42.0.151-443-40766-6,"(MANSAR LAKE AT MID POINT(MANSAR
LAKE)",LAKE,"JAMMU &
KASHMIR",24,7.9,7.9,225,1,0.26,,,0
10.42.0.151-10.42.0.1-33035-53-17,"(MANSAR LAKE AT MID POINT(SURINSAR LAKE), J&K",LAKE,JAMMU & KASHMIR,26,6.6,8.6,236,4.1,0.04,-,-,1
172.217.10.106-10.42.0.211-443-52802-6,ANCHAR LAKE AT CENTRAL SITE,LAKE,JAMMU & KASHMIR,26.1,7.1,7.7,479,2.8,-,-,-,0
172.217.12.131-10.42.0.211-443-60033-6,ANCHAR LAKE AT JENAB SAHAB SOURA,LAKE,JAMMU & KASHMIR,26.3,3.6,7.4,725,8.7,-,-,-,1
10.42.0.211-23.203.49.224-56950-443-6,ANCHAR LAKE AT SANGAM,LAKE,"JAMMU &
KASHMIR",26.4,5.6,7.4,552,5.3,-,-,-,0
172.217.9.234-10.42.0.151-443-39448-6,ANCHAR LAKE AT SINDH INFLOW,LAKE,"JAMMU &
KASHMIR",24,7.2,7.8,2889,2.8,-,-,-,1
8.0.6.4-8.6.0.1-0-0-0,ANCHAR LAKE NEAR LKIMS,LAKE,"JAMMU &
KASHMIR",25.8,2.6,7.4,676,7.6,-,-,-,1
10.42.0.42-104.192.110.245-45768-80-6,DAL LAKE AT ASHAIBAGH BRIDGE,LAKE,"JAMMU &
KASHMIR",25.8,9,8.1,217,4.4,-,-,-,0
10.42.0.211-106.11.94.21-56997-443-6,DAL LAKE AT JOGILANKER,LAKE,"JAMMU &
KASHMIR",28.2,4.5,7.7,350,13.6,-,-,-,0
216.58.219.234-10.42.0.211-443-56290-6,DAL LAKE AT NAYADYAR,LAKE,"JAMMU &
KASHMIR",28,5,7.7,310,10.5,-,-,-,1
172.217.3.106-10.42.0.151-443-34456-6,DAL LAKE AT ABIKARPORA,LAKE,"JAMMU &
KASHMIR",25.5,7.5,7.9,2110,2.9,-,-,-,1
10.42.0.151-10.42.0.1-17659-53-17,DAL LAKE AT CHAIRCHINARI,LAKE,"JAMMU &
KASHMIR",28,7.5,8.3,206,3.7,-,-,-,0
203.205.158.61-10.42.0.211-80-53346-6,DAL LAKE AT DALGATE,LAKE,"JAMMU &
KASHMIR",27.3,7.6,7.9,200,3.3,-,-,-,0
174.35.73.111-10.42.0.211-80-51244-6,DAL LAKE AT DHOBIGHAT,LAKE,"JAMMU &
KASHMIR",27.8,9,8.2,430,6.4,-,-,-,1
10.42.0.151-103.43.91.20-46691-443-6,"DAL LAKE AT ENTRY POINT OF TALIBAL
NALLAH",LAKE,"JAMMU &
KASHMIR",26.4,9.5,8.1,237,3.4,-,-,-,0
202.77.129.150-10.42.0.151-80-51600-6,DAL LAKE AT HABAK,LAKE,"JAMMU &
KASHMIR",27.4,8.3,8.5,420,8.5,0.02,-,-,1
172.217.12.142-10.42.0.211-443-38526-6,DAL LAKE AT HAZRATBAL,LAKE,"JAMMU &
KASHMIR",28,9.8,8.3,311,5.6,-,-,-,1
8.0.6.4-8.6.0.1-0-0-0,"DAL LAKE AT NIGEEN, WATER INTAKE PT OF POKHRIBAL WATER TREATMENT
PLANT",LAKE,JAMMU & KASHMIR,27,9.2,8.5,227,4,-,-,-,0
172.217.6.234-10.42.0.211-443-59260-6,"DAL LAKE AT NISHAT, WATER INTAKE POINT OF NISHAT WATER TREATMENT
PLANT",LAKE,JAMMU & KASHMIR,27.6,9.8,8.2,195,3.8,-,-,-,1
10.42.0.211-23.21.95.195-60204-443-6,DAL LAKE AT SONALANK,LAKE,JAMMU & KASHMIR,26.1,9.8,8.5,268,2.9,-,-,-,1
10.42.0.211-104.88.106.16-49230-80-6,DAL LAKE AT SRINAGAR,LAKE,JAMMU & KASHMIR,28,9.3,7.8,202,4.6,-,-,-,0
192.229.173.173-10.42.0.42-80-38018-6,DAL LAKE NEAR NISHAT LAM,LAKE,JAMMU & KASHMIR,27.5,8.9,8.3,267,6.3,-,-,-,0
172.217.11.3-10.42.0.42-80-52745-6,"MANSAR LAKE POINT OF DISCHARGE OF WASTE WATER FROM DIFFERENT
ESTABLISHMENTS NEAR NAG TEMPLE",LAKE,JAMMU & KASHMIR,24,7.9,8.1,239,1,0.02,-,-,1
10.42.0.211-95.213.11.133-55171-80-6,"SURINSAR LAKE POINT OF DISCHARGE OF WASTE WATER FROM DIFFERENT
ESTABLISHMENTS",LAKE,JAMMU & KASHMIR,26,6.5,8.6,240,16.4,0.04,-,-,0
10.42.0.211-10.42.0.1-65027-53-17,WULAR LAKE AT SADERKOTE,LAKE,"JAMMU &
KASHMIR",27,7.5,7.6,291,5.1,-,-,-,1
10.42.0.211-10.42.0.1-40710-53-17,WULAR LAKE AT ZALWAN,LAKE,"JAMMU &
KASHMIR",21,8.1,7.5,487,5.6,-,-,-,0
172.217.10.138-10.42.0.42-443-52349-6,"WULAR LAKE AT ENTRY PT OF ERIN
NALLAH",LAKE,"JAMMU &
KASHMIR",24,7.9,7.9,165,4.6,-,-,-,1
10.42.0.211-10.42.0.1-51323-53-17,WULAR LAKE AT NINGLI NALLAH,LAKE,"JAMMU &
KASHMIR",24.1,6.8,7.6,260,2.7,-,-,-,0
10.42.0.211-64.71.142.124-48352-80-6,WULAR LAKE AT WATLAB,LAKE,"JAMMU &
KASHMIR",26,8.5,8,249,2.7,-,-,-,1
10.42.0.211-104.97.95.172-39605-80-6,WULAR LAKE ATKANIBATH,LAKE,"JAMMU &
KASHMIR",28.4,8.7,7.7,268,5.7,-,-,-,0
10.42.0.211-10.42.0.1-12353-53-17,"DIMNA LAKE, DIMNA",LAKE,JHARKHAND,32,8,7.7,243,1.6,-,-,-,1
172.217.11.46-10.42.0.211-443-50648-6,TOP CHANCHI LAKE,LAKE,JHARKHAND,20,7.6,7.5,-,2.5,-,-,-,1
10.42.0.1-10.42.0.42-53-9575-17,"HOLY POND OF SHIV GANGA JARMUNDI,
DUMKA",POND,JHARKHAND,31,8,8.2,350,2.6,-,-,-,0
10.42.0.1-10.42.0.42-53-22444-17,"LOCO TALAB ) PUMPU TALAB), AT- BARMASIA, DHANBAD",POND,JHARKHAND,23,4.9,7.4,-,12.8,-,-,-,1
10.42.0.211-64.71.142.124-49728-443-6,"RANIBANDH TALAB NEAR ISM, DHANBAD",POND,JHARKHAND,23,4.2,7.4,-,4.8,-,-,-,1
1.31.173.21-10.42.0.151-80-36854-6,"SHIV GANGA POND, DEOGHAR",POND,JHARKHAND,32,7.6,8.2,332,2.6,-,-,-,1
10.42.0.211-10.42.0.1-59548-53-17,ABBIGERE LAKE,LAKE,KARNATAKA,25,7.2,8.1,1399,42,3,940000,5400000,0
10.42.0.151-23.194.141.179-55054-443-6,AGARAM LAKE,LAKE,KARNATAKA,25,7,7.7,1268,22,5.7,150000,1600000,1
10.42.0.211-122.225.81.61-40754-80-6,AMRUTHAHALLI LAKE,LAKE,KARNATAKA,25,6.6,7.6,963,8,2.6,1100000,3500000,0
10.42.0.211-63.250.200.101-40104-443-6,"ANDHRAHALLI LAKE, ANDHRAHALLI, BENGALURU",LAKE,KARNATAKA,25,6.2,7.2,1637,29,2.2,700000,5400000,1
10.42.0.211-64.71.142.95-53805-443-6,ARAKERE LAKE,LAKE,KARNATAKA,25,6.8,7.9,985,7,3.29,15000,160000,1
172.217.10.78-10.42.0.151-443-46729-6,BASAVANAPURA LAKE,LAKE,KARNATAKA,25,6.5,8.1,1194,9,3.2,140000,540000,1
10.42.0.1-10.42.0.42-53-25143-17,BATTARAHALLI LAKE,LAKE,KARNATAKA,25,6.8,8.5,949,17,6.49,150000,1600000,0
10.42.0.1-10.42.0.42-53-19806-17,BELLANDUR LAKE,LAKE,KARNATAKA,25,2.8,6.9,1187,87,5,1200000000,9200000000,1
10.42.0.211-47.89.68.225-57580-443-6,BHUTANALA LAKE,LAKE,KARNATAKA,29,10.9,9,1528,38,6,1840,3200,0
151.101.45.140-10.42.0.151-443-56190-6,BUGUDANAHALLI LAKE,LAKE,KARNATAKA,25,6.9,7.2,312,5,11.5,15000,160000,0
10.42.0.211-74.6.105.13-40528-443-6,CHELEKERE LAKE,LAKE,KARNATAKA,25,7,7.4,1326,11,2.3,940000,5400000,1
212.13.197.229-10.42.0.211-80-52206-6,"CHIKKABANVARA LAKE,
CHIKKABANWARA, BENGALURU NORTH",LAKE,KARNATAKA,25,7,7.7,1871,22,3,1100000,9200000,1
172.217.10.227-10.42.0.151-443-53096-6,CHINNAKURCHI KERE,LAKE,KARNATAKA,25.1,7.4,7.8,521,10,2.2,46000,350000,0
10.42.0.151-10.42.0.1-16100-53-17,CHINNAPANHALLI LAKE,LAKE,KARNATAKA,25,4.8,8.5,1238,36,3.6,79000,540000,1
10.42.0.1-10.42.0.42-53-64914-17,DALAVAI LAKE,LAKE,KARNATAKA,26,3.6,8.5,1168,14,4.9,3300,12000,0
172.217.10.10-10.42.0.211-443-39014-6,DEVARABEESANAHALLI LAKE,LAKE,KARNATAKA,25,6.6,7.6,1336,30,9.4,14000,160000,1
172.217.6.195-10.42.0.211-443-56686-6,DEVARAYASAMUDRA LAKE,LAKE,KARNATAKA,25,6.6,8,1114,8,9.79,120000,1600000,1
10.42.0.42-66.231.239.96-34357-443-6,DODDABIDARAKALLU LAKE,LAKE,KARNATAKA,25,5.1,7.4,1737,375,8,2300000000,2400000000,0
10.42.0.211-54.192.38.236-54568-443-6,"GANGONDANA HALLI LAKE, BENGALURU
NORTH",LAKE,KARNATAKA,25,6,7.5,3010,203,13,94000000,540000000,1
10.42.0.151-52.84.40.77-59577-443-6,GARUDACHARPALYA LAKE,LAKE,KARNATAKA,25,6.2,7.6,1769,15,4.5,94000,540000,1
10.42.0.211-10.42.0.1-45554-53-17,GOTTIGERE LAKE,LAKE,KARNATAKA,25,7.1,8.4,1453,42,3.6,46000,350000,1
202.77.129.150-10.42.0.151-443-48796-6,GOTTIGERE LAKE,LAKE,KARNATAKA,26,6.8,7.1,2720,34,8.8,120000,920000,1
10.42.0.211-10.42.0.1-52151-53-17,GUBBALAL KERE,LAKE,KARNATAKA,25,6.4,7.7,371,11,0.8,15000,160000,1
172.217.10.234-10.42.0.151-443-44837-6,HARALAKUNTE LAKE,LAKE,KARNATAKA,25,5.9,8.4,1282,30,5.3,23000,240000,1
216.218.254.202-10.42.0.211-123-48971-17,"HEBALLA VALLEY LAKE AT D/S ROAD BRIDGE NR. MANDYA,",LAKE,KARNATAKA,29,5.8,8.5,655,4.8,6,790,3800,1
172.217.10.227-10.42.0.151-443-51779-6,HEBBAL LAKE,LAKE,KARNATAKA,25,6.3,9,1549,7.4,8.1,2600,7000,0
172.217.10.106-10.42.0.42-443-48733-6,HEBBAL LAKE,LAKE,KARNATAKA,25,6.9,7.4,974,16,4,480000,3500000,0
174.35.73.199-10.42.0.211-443-54744-6,HOSAKEREHALLI LAKE,LAKE,KARNATAKA,25.1,6,7,1576,78,4.5,700000,3500000,0
172.217.10.67-10.42.0.42-443-35608-6,HULIMAVU LAKE,LAKE,KARNATAKA,25,7.2,7.9,1466,10,5.2,17000,160000,1
192.229.163.180-10.42.0.151-443-46531-6,IBBALUR LAKE,LAKE,KARNATAKA,25,6.4,7.4,738,16,3.4,330000,2400000,0
198.105.244.11-10.42.0.211-80-46244-6,JAKKSANDRA LAKE,LAKE,KARNATAKA,25,6.3,7.4,1017,35,4.2,63000,540000,0
8.43.72.77-10.42.0.211-443-50370-6,JAKKUR LAKE,LAKE,KARNATAKA,25,6.1,8.2,1323,13,4.7,700000,16000000,1
182.22.31.252-10.42.0.211-443-48453-6,"KACHOHALLI LAKE, KACHOHALLI,
BENGALURU NORTH",LAKE,KARNATAKA,25,5.5,7.6,2280,124,19,480000,3500000,1
172.217.11.35-10.42.0.211-80-39653-6,KAIKONDANAHALLI LAKE,LAKE,KARNATAKA,25,7.2,7.7,1449,27,6,1700000,16000000,1
10.42.0.1-10.42.0.42-53-64277-17,KALENA AGRAHARA LAKE,LAKE,KARNATAKA,25,7.2,8.4,1304,12,5.3,23000,240000,0
173.194.205.113-10.42.0.211-443-50468-6,KAMMGONDANAHALLI LAKE,LAKE,KARNATAKA,25,6.8,7.5,2116,12,4,130000,1600000,0
10.42.0.151-87.240.165.91-60010-80-6,KARIHOBANAHALLI LAKE,LAKE,KARNATAKA,25,6.1,7.4,2860,80,7.03,48000000,350000000,0
175.100.207.232-10.42.0.151-80-33129-6,KASAVANAHALLI LAKE,LAKE,KARNATAKA,25,7.1,7,853,6,5,46000,350000,1
10.42.0.211-31.13.71.7-34119-443-6,KEMPAMBUDHI LAKE,LAKE,KARNATAKA,25,6.8,8.5,787,14,2.3,140000,1600000,0
10.42.0.211-23.206.162.129-53708-80-6,KILLA LAKE,LAKE,KARNATAKA,33,10,8.8,692,6.4,4.7,920,1600,1
217.69.136.175-10.42.0.211-443-39269-6,KODI SINGASANDRA LAKE,LAKE,KARNATAKA,25,6.9,8,1253,20,6.8,46000,350000,0
10.42.0.42-37.1.203.158-56451-443-6,KOTHUNURU LAKE,LAKE,KARNATAKA,25,6.2,7.6,1345,34,4,14000,160000,1
157.240.2.25-10.42.0.211-443-45799-6,KOWDHENAHALLI LAKE,LAKE,KARNATAKA,25.1,6.5,8.3,3370,54,8.09,330000,2400000,1
10.42.0.211-104.192.110.245-36566-443-6,KUKKARAHALLI LAKE,LAKE,KARNATAKA,25,6.8,9,770,4.4,3.1,1400,6300,0
10.42.0.42-87.240.165.80-36391-80-6,KUNDALAHALLI LAKE,LAKE,KARNATAKA,25,6.1,7.8,1299,17,15,94000,540000,0
10.42.0.1-10.42.0.42-53-32717-17,LIMBHABUDI LAKE,LAKE,KARNATAKA,26,6,8.8,850,5.2,3.1,1700,8400,1
10.42.0.211-98.139.183.24-35922-443-6,MACHOHALLI LAKE,LAKE,KARNATAKA,25,6.4,7.6,4200,145,11,1200000,9200000,0
10.42.0.211-10.42.0.1-45850-53-17,MULBHAGAL LAKE,LAKE,KARNATAKA,25,5.4,8.2,2009,78,6,63000,540000,0
172.217.10.99-10.42.0.211-443-55113-6,NALLURAHALLI LAKE,LAKE,KARNATAKA,25,6.5,6.7,820,10,3,7000,54000,0
10.42.0.151-72.21.207.148-35575-443-6,NARASAPURA LAKE,LAKE,KARNATAKA,25,6.2,8,1021,10,7.75,130000,920000,1
140.205.134.25-10.42.0.211-443-34064-6,NARASIPURA LAKE,LAKE,KARNATAKA,25,7.1,7.8,821,34,3.2,7000000,92000000,0
172.217.10.106-10.42.0.211-443-44444-6,NAVALOORU LAKE,LAKE,KARNATAKA,26,6.8,8,1070,3.9,1.22,52,165,1
183.79.248.252-10.42.0.211-443-55921-6,NELAMANGALA LAKE,LAKE,KARNATAKA,25,6.3,7.6,2120,46,7.6,34000,240000,1
10.42.0.151-36.110.213.49-37476-80-6,PARAPPANA AGRAHARA LAKE,LAKE,KARNATAKA,25,6.5,8,1297,38,7.9,1100000,9200000,1
10.42.0.151-23.6.162.190-59734-443-6,PATTANDUR AGARAHARA,LAKE,KARNATAKA,25,6.8,8.2,741,32,2.8,63000,540000,1
10.42.0.42-104.97.95.172-57548-80-6,PUTTENAHALLI LAKE,LAKE,KARNATAKA,25,6.3,7.7,1173,22,2.57,94000,540000,0
10.42.0.211-10.42.0.1-8791-53-17,PUTTENAHALLI LAKE (S),LAKE,KARNATAKA,25,6,7.8,1233,11,3,9400,54000,1
208.80.154.224-10.42.0.211-443-34710-6,RACHENAHALLI LAKE,LAKE,KARNATAKA,25,6.7,8.5,1236,23,4.6,150000,1600000,1
192.229.163.180-10.42.0.211-443-36638-6,RAMPURA LAKE,LAKE,KARNATAKA,25,4.2,7.4,1480,93,6,1700000,9200000,0
172.217.10.78-10.42.0.211-443-37734-6,SADRAMANGALA LAKE,LAKE,KARNATAKA,25,7,8.3,1027,35,10,15000,160000,1
172.217.10.138-10.42.0.151-443-55244-6,SARAKKI LAKE,LAKE,KARNATAKA,25,7.1,8.2,783,9,5,120000,920000,0
10.42.0.42-23.206.163.180-36738-443-6,SEETHARAM PALYA LAKE,LAKE,KARNATAKA,25,5.9,8.7,3860,50,11,63000,540000,0
216.58.219.226-10.42.0.211-443-38801-6,SHETTYKERE LAKE,LAKE,KARNATAKA,34,6.6,8.9,1028,6,3.6,2200,7000,1
192.229.163.180-10.42.0.42-443-47566-6,SINGAPURA LAKE,LAKE,KARNATAKA,25,5.2,7.2,1374,47,5.9,790000,5400000,1
172.217.10.42-10.42.0.151-443-50473-6,SINGASANDRA LAKE,LAKE,KARNATAKA,25,7,7.6,1367,36,6,130000,1600000,0
10.42.0.211-104.97.95.172-41381-80-6,SOMASUNDRA PALYA LAKE,LAKE,KARNATAKA,25,6.9,7.6,1323,21,3.4,140000,920000,1
172.217.6.227-10.42.0.211-443-45592-6,SOMPURA LAKE,LAKE,KARNATAKA,25.1,7.2,7.7,532,6,2.1,110000,920000,0
10.42.0.151-31.13.71.36-42725-443-6,SWARANA KUNTE,LAKE,KARNATAKA,25,6.8,8.5,1320,9,3,120000,1600000,0
10.42.0.42-24.190.54.173-46360-51156-17,TUBRAHALLI LAKE,LAKE,KARNATAKA,25,4.8,8.1,1593,81,3,13000,160000,1
10.42.0.211-52.84.37.172-46076-443-6,ULLALU LAKE,LAKE,KARNATAKA,25,6.3,7.7,1561,15,25,630000,5400000,0
182.254.5.234-10.42.0.211-80-47925-6,ULSOOR LAKE TEMPLE,LAKE,KARNATAKA,25,7,8.8,551,42,2.01,700000,3500000,1
182.22.67.91-10.42.0.151-443-45274-6,"ULSOOR LAKE TRAINING CENTRE OF FISH BREEDING,",LAKE,KARNATAKA,25,6.8,8.5,570,38,2,490000,2400000,0
172.217.3.97-10.42.0.211-443-53228-6,VARTHUR LAKE,LAKE,KARNATAKA,26,4.8,7.7,1347,60,19,1500000000,1600000000,1
172.217.10.42-10.42.0.151-443-44003-6,WHITEFIELD KERE,LAKE,KARNATAKA,25,6.9,8.4,889,62,13.4,150000,1600000,0
211.236.244.151-10.42.0.211-80-34466-6,YEDIYUR LAKE,LAKE,KARNATAKA,25,7.1,8.2,334,18,2.4,46000,920000,0
10.42.0.211-104.88.89.135-51267-443-6,YENNEHOLE LAKE,LAKE,KARNATAKA,33,3.9,8.5,1252,14,7.5,4900,14000,1
10.42.0.211-52.84.139.205-51684-443-6,AIANAKERE TANK,TANK,KARNATAKA,32,7.2,8.3,1980,132,1.4,-,-,0
10.42.0.211-123.125.29.220-56028-80-6,ALLASANDRA TANK,TANK,KARNATAKA,25,6.4,8.4,1223,8.5,5,11000000,92000000,1
169.47.5.252-10.42.0.42-5222-36805-6,ALUR KERE,TANK,KARNATAKA,25,6.9,7.3,678,16,2,49000,240000,0
172.217.12.174-10.42.0.211-443-33529-6,ANEKAL DODDAKERE TANK,TANK,KARNATAKA,25,7.3,8,3020,69,11.1,15000,160000,1
10.42.0.211-103.235.46.212-35015-443-6,ANGOL MI TANK,TANK,KARNATAKA,33,8,9.5,584,57,5.46,1840,3200,1
10.42.0.211-10.42.0.1-19553-53-17,ANNAYAPPA TANK,TANK,KARNATAKA,25,7,8.1,493,8,1.53,46000,540000,1
10.42.0.211-10.42.0.1-52973-53-17,AVALI KERE,TANK,KARNATAKA,27,4.3,7.9,1930,6.4,1.3,930,4900,1
216.58.219.194-10.42.0.211-443-48415-6,B KATIHALLI KERE,TANK,KARNATAKA,27,6.7,7.9,450,2.4,0.3,140,1200,0
10.42.0.42-123.125.115.164-60148-443-6,BANDEMATTA TANK,TANK,KARNATAKA,25,6.9,7.6,1268,18,3.23,33000,240000,1
203.205.158.52-10.42.0.211-80-40322-6,BASAVANAHALLIKERE TANK,TANK,KARNATAKA,25,5.9,7.7,500,2,0.3,330,2200,1
10.42.0.211-10.42.0.1-11812-53-17,BEENNIGANAHALLI TANK,TANK,KARNATAKA,25,7,7.9,1079,24,2.7,70000,1600000,0
172.217.3.99-10.42.0.42-443-56481-6,BEGUR TANK,TANK,KARNATAKA,25,6.5,7.5,1444,10,8,110000,920000,0
172.217.12.174-10.42.0.211-443-58888-6,BHATHIKERE TANK,TANK,KARNATAKA,32,7.3,7.8,890,12,6.87,-,-,0
10.42.0.211-77.234.44.41-55497-80-6,BHEEMSANDRA TANK,TANK,KARNATAKA,25,6.2,7.4,1870,46,78,110000,920000,0
220.181.7.190-10.42.0.211-443-33478-6,BYRAMANGALA TANK,TANK,KARNATAKA,25,6.1,7.7,1413,27,6.1,120000,920000,1
172.217.10.10-10.42.0.151-443-36690-6,BYRASANDRA TANK,TANK,KARNATAKA,25.1,6.2,7.7,1223,14,4.3,150000,1600000,0
203.205.128.137-10.42.0.151-80-44455-6,CHANDAPURA LAKE,TANK,KARNATAKA,25,5,7.4,2309,42,27,460000,3500000,0
10.42.0.151-10.42.0.1-12500-53-17,DASARAHALLI TANK,TANK,KARNATAKA,26,6.8,7.4,1120,14,2.5,40000,350000,1
10.42.0.151-23.208.168.108-54199-443-6,DEVARAKERE TANK,TANK,KARNATAKA,25,7.3,7.6,2540,17,6.6,94000,920000,0
10.42.0.211-31.13.80.8-42504-443-6,DHOREKERE TANK,TANK,KARNATAKA,25,6.3,7.4,1145,39,5.2,120000,920000,1
180.149.134.221-10.42.0.42-80-39753-6,DODDAKERE TANK,TANK,KARNATAKA,26,7.2,7.3,406,6,1,15000,160000,0
10.42.0.211-123.125.29.138-48801-443-6,DODDANAKUNDI TANK,TANK,KARNATAKA,25,6.1,7.8,2730,10,4.5,49000,240000,0
10.42.0.211-10.42.0.1-51200-53-17,DYAVASANDRA TANK,TANK,KARNATAKA,25,6.8,7.9,775,9,3,14000,160000,1
180.76.145.14-10.42.0.211-80-45102-6,GANIGARAHOSAHALLIKERE TANK,TANK,KARNATAKA,25,6,8.3,1180,3.2,0.4,320,2100,1
174.35.73.111-10.42.0.211-80-36481-6,GAVENAHALLIKERE,TANK,KARNATAKA,28,7.3,7.9,470,2.2,0.3,220,1400,1
10.42.0.151-121.12.98.63-48217-80-6,HANUMANTHAPURAKATTE TANK,TANK,KARNATAKA,27,5.7,7.8,500,2.6,0.3,340,2200,0
10.42.0.211-123.125.46.12-34480-80-6,HEREKERE TANK,TANK,KARNATAKA,26,5.5,7.9,889,24,1.67,175,561,1
208.80.153.224-10.42.0.151-80-55943-6,HEROHALLI TANK,TANK,KARNATAKA,25,6.3,7.4,1566,30,6.3,46000,350000,0
172.217.10.142-10.42.0.42-443-46230-6,HESARAGHATTA TANK,TANK,KARNATAKA,25,6.6,8.1,702,7,2.4,6300000,54000000,0
172.217.20.99-10.42.0.151-443-53908-6,HULLIGE TANK,TANK,KARNATAKA,29,7.5,8.4,1485,6,1.3,1400,5400,1
172.217.3.106-10.42.0.42-443-54527-6,HUNASINA KERE TANK,TANK,KARNATAKA,27,7.1,7.8,530,2.6,0.3,700,3500,0
10.42.0.211-10.42.0.1-34584-53-17,HUNDIKERE (KOPPAL) TANK,TANK,KARNATAKA,29,7.6,8.4,1458,6,0.3,1300,5400,1
10.42.0.211-23.208.168.108-52570-443-6,INORKATTE KERE,TANK,KARNATAKA,24,6,7.8,440,2.2,0.32,330,2200,1
203.205.158.62-10.42.0.42-80-52238-6,JIGANI TNAK,TANK,KARNATAKA,25,6.9,7.3,1543,20,4,70000,920000,0
202.77.129.54-10.42.0.211-80-35024-6,JOLADAKATTE TANK,TANK,KARNATAKA,27,5.8,8.1,650,3,0.3,470,3500,0
10.42.0.151-54.197.254.190-50321-443-6,KAKATI POND,TANK,KARNATAKA,32,9,10.3,3819,16.2,6.53,1840,3200,1
10.42.0.211-10.42.0.1-13112-53-17,KALKERE TANK,TANK,KARNATAKA,25,6.3,8.4,1201,25,5.3,2800000,16000000,0
10.42.0.211-64.71.142.124-48038-443-6,KAMMASANDRA TANK,TANK,KARNATAKA,25,4.1,7.3,2135,101,16,12000000,92000000,1
203.205.190.40-10.42.0.42-80-52493-6,KANCHANAHALLI KOPPALU KERE,TANK,KARNATAKA,27,5,8.1,4300,6.8,1.9,700,4700,0
157.240.18.35-10.42.0.211-443-50711-6,KARANJIKERE TANK,TANK,KARNATAKA,26,7.4,8.6,764,6,3.2,1100,5800,1
10.42.0.211-103.235.46.211-33626-443-6,KELEGERE TANK,TANK,KARNATAKA,26,7.4,8.2,592,4.1,0.88,79,290,0
10.42.0.151-10.42.0.1-35594-53-17,KENGERI TANK,TANK,KARNATAKA,25,7.6,7.7,1389,40,6.3,940000,5400000,1
175.100.207.233-10.42.0.151-443-52786-6,KOGILU KERE,TANK,KARNATAKA,25,7.2,8.3,1332,13,4.4,6300000,160000000,0
182.22.67.106-10.42.0.211-443-52904-6,KOKKANAGHATTADODDAKERE TANK,TANK,KARNATAKA,27,6.9,8.8,2900,7.2,1.3,400,2800,1
10.42.0.211-10.42.0.1-30081-53-17,KONDAGGIKERE TANK,TANK,KARNATAKA,28,7.4,8.2,370,6.5,0.3,-,-,0
172.217.6.228-10.42.0.211-443-43431-6,KOUSHIKA KERE,TANK,KARNATAKA,27,7.3,7.8,540,2.3,0.3,220,1400,0
10.42.0.1-10.42.0.42-53-31207-17,KUNDUVADAKERE TANK,TANK,KARNATAKA,27,6.9,8,330,2.3,1.1,-,-,1
172.217.10.234-10.42.0.151-443-43533-6,LALBAGH TANK,TANK,KARNATAKA,25,6.9,8.1,509,28,3,49000,540000,1
10.42.0.211-65.52.108.74-43166-443-6,LINGAPPANAKATTE TANK,TANK,KARNATAKA,27,7,7.9,620,3,0.3,270,1700,1
157.240.2.20-10.42.0.211-443-52870-6,MADAVARA TANK,TANK,KARNATAKA,25,6.6,7.6,1240,13,3.8,460000,3500000,0
10.42.0.1-10.42.0.42-53-18651-17,MADHURE TANK,TANK,KARNATAKA,25,6.3,6.8,398,18,2.1,11000000,92000000,0
10.42.0.211-31.13.80.5-46757-443-6,MADIWALA TANK,TANK,KARNATAKA,25,7.1,8.4,1402,10,4.3,170000,1600000,1
239.255.255.250-10.42.0.1-1900-53105-17,MAKANA KERE,TANK,KARNATAKA,27,3,8,1400,5.8,1.2,2600,13000,1
10.42.0.151-121.12.98.85-46773-80-6,MALATHAHALLI TANK,TANK,KARNATAKA,25,5.8,7.6,1898,38,7.8,1100000,9200000,0
182.22.24.124-10.42.0.42-443-36642-6,"MANCHALAPUR TANK, MANCHALAPUR, RAICHUR TQ & DIST",TANK,KARNATAKA,29,7.2,8.8,2385,18,2.27,54000,160000,1
172.217.9.237-10.42.0.151-443-50294-6,MANCHANABALE DAM,TANK,KARNATAKA,25,7,8.3,1100,10,14.04,33000,350000,0
10.42.0.211-112.80.248.187-46314-80-6,MANCHANABALE DAM,TANK,KARNATAKA,25,6.5,7.4,1733,174,45,63000,540000,1
10.42.0.211-10.42.0.1-51471-53-17,MATTADAKERE TANK,TANK,KARNATAKA,29.5,8.4,8.4,920,34,3,-,-,1
10.42.0.211-104.97.95.172-45824-80-6,MAVENAKERE TANK,TANK,KARNATAKA,29,7.2,9.3,2156,30,0.36,54000,160000,1
10.42.0.211-10.42.0.1-15333-53-17,MELEKOTE TANK,TANK,KARNATAKA,25,6.4,8,1397,53,6.3,110000,920000,0
10.42.0.211-10.42.0.1-62972-53-17,MYDALA TANK,TANK,KARNATAKA,25,7.3,7.2,599,4,2,17000,160000,1
172.217.12.195-10.42.0.151-443-48902-6,NAGAVARA TANK,TANK,KARNATAKA,25,7.1,8,773,35,3,79000000,540000000,0
10.42.0.151-54.72.9.51-46694-443-6,NAYANDANAHALLI TANK,TANK,KARNATAKA,25.1,6,8,1231,195,2.99,700000,3500000,1
172.217.12.206-10.42.0.151-443-42493-6,NIRASAGARAKERE TANK,TANK,KARNATAKA,25,7.6,8.2,438,2.5,0.92,14,32,0
172.217.11.3-10.42.0.211-80-37042-6,NUGGIKERE TANK,TANK,KARNATAKA,25,6.9,8.1,850,3.8,1.92,52,148,1
172.217.3.100-10.42.0.42-443-54699-6,PEREMINAHALLI KERE,TANK,KARNATAKA,27,6.4,7.8,520,2.5,0.3,400,3300,0
10.42.0.42-46.150.167.172-46360-20408-17,PILIKULA TANK,TANK,KARNATAKA,30,7.9,7.2,224,3,7,1600,1600,1
10.42.0.42-31.13.80.5-37658-443-6,RAMAMMANA KERE,TANK,KARNATAKA,25,6.9,8.4,1365,20,4,94000,1600000,0
10.42.0.151-10.42.0.1-1688-53-17,RAMAMMANA KERE,TANK,KARNATAKA,25,6.5,7.2,1366,47,3.51,150000,1600000,1
183.57.48.84-10.42.0.151-80-42111-6,RAYASANDRA LAKE,TANK,KARNATAKA,25,5.8,7.9,1563,20,24,94000,540000,0
10.42.0.211-10.42.0.1-42845-53-17,"SANAVALLI DAM, MUNGOD",TANK,KARNATAKA,28,7.4,7.3,251,2.7,0.79,8,31,1
10.42.0.211-103.235.46.212-57602-443-6,SANKALAPURAKERE TANK,TANK,KARNATAKA,27,6.4,7.9,700,2.6,0.3,460,3500,1
172.217.6.234-10.42.0.211-443-43984-6,SANKEY TANK,TANK,KARNATAKA,25,6.8,7.6,815,8,3,3300000,24000000,0
172.217.10.110-10.42.0.151-443-38465-6,SATHENAHALLIDODDAKERE TANK,TANK,KARNATAKA,28,6.2,8.1,1280,4,1.5,610,4000,1
172.217.8.4-10.42.0.42-443-56022-6,SATHYAMANGALA KERE,TANK,KARNATAKA,28,6.5,7.9,470,2.4,0.3,340,2400,0
10.42.0.151-10.42.0.1-11812-53-17,SHANTHISAGARKERE TANK,TANK,KARNATAKA,28,7.3,8.3,330,3,0.47,-,-,1
183.79.215.137-10.42.0.211-443-46093-6,SHARANABASAVESHWARA KERE,TANK,KARNATAKA,30,8.2,8.4,1670,6,1.8,1400,5400,1
10.42.0.211-54.243.99.83-41702-443-6,SHIVAPURA TANK,TANK,KARNATAKA,25,5.8,7.6,4110,83,9.19,9400000,54000000,1
10.42.0.151-112.90.74.178-48646-80-6,SOMESHWARAKERE TANK,TANK,KARNATAKA,25,6.8,7.9,1340,4.5,1.32,58,196,0
172.217.6.238-10.42.0.151-443-57851-6,SOUDRALLI KERE,TANK,KARNATAKA,27,5.9,7.8,1150,3.8,0.9,490,3500,1
10.42.0.1-10.42.0.42-53-24385-17,SUBRAMANYAPURA TANK,TANK,KARNATAKA,25,4.8,7.6,2005,50,11.5,940000,5400000,0
203.130.53.126-10.42.0.211-80-53634-6,SUDANAKERE TANK,TANK,KARNATAKA,26,7.3,8.2,790,3.9,0.79,136,394,0
172.217.11.46-10.42.0.151-443-58188-6,UNAKALKERE TANK,TANK,KARNATAKA,26,7.3,8.3,1008,3.9,1.12,63,185,1
203.205.190.48-10.42.0.151-80-43717-6,UTTARAHALLI DORAIKERE,TANK,KARNATAKA,25,7.1,9.3,450,48,2.08,94000,540000,0
173.194.175.188-10.42.0.151-5228-60704-6,VEERAPURA TANK,TANK,KARNATAKA,25,6.5,8.1,5860,124,9,94000,540000,1
10.42.0.151-31.13.71.37-49315-443-6,VENGAIHNAKERE,TANK,KARNATAKA,25,6.2,7.2,1330,81,12,110000,920000,0
10.42.0.211-52.84.139.196-37660-80-6,VIMANABHUTHIKERE TANK,TANK,KARNATAKA,32,7.7,8.3,290,2.2,0.5,-,-,0
216.58.217.131-10.42.0.211-80-52871-6,YELAHANKA TANK,TANK,KARNATAKA,25,6.9,8.5,1120,14,3.7,94000,1600000,1
10.42.0.211-118.93.218.8-60774-48047-17,YELLAMALLAPPA TANK,TANK,KARNATAKA,25,5.6,7.6,1791,14,8.12,170000,920000,0
10.42.0.211-112.80.248.187-38580-80-6,"ALAPPUZHA, KERALA",LAKE,KERALA,30,7.8,7.5,1168,4,0.8,1400,2200,1
157.240.18.15-10.42.0.211-443-34815-6,"ASHTHAMUDI LAKE AT QUILON, KERALA",LAKE,KERALA,24,6.1,7.4,18410,3.5,2.7,150,610,0
172.217.10.34-10.42.0.211-443-47178-6,"KAYAMKULAM, KERALA",LAKE,KERALA,30,5.6,8,7651,5.9,0.3,1700,3500,1
172.217.12.195-10.42.0.42-443-44613-6,"KODUNGALLOOR, KERALA",LAKE,KERALA,31,8,8.7,33520,2.4,2.4,2000,6300,0
172.217.10.100-10.42.0.211-443-37291-6,LAKE VEMBANAD AT PATHIRAMANAL (ALAPPUZHA),LAKE,KERALA,29,7.9,7.4,1314,3.8,0.3,1400,4100,1
172.217.3.106-10.42.0.42-443-38495-6,"ORUVATHILKOTTA LAKE, KERALA",LAKE,KERALA,27,3.2,7.8,240,7.2,0.3,1700,3100,1
173.194.185.43-10.42.0.151-443-41262-6,"PARAVUR, KERALA",LAKE,KERALA,23,6.9,7.6,16130,2.3,1.8,140,490,1
182.22.25.252-10.42.0.42-80-40957-6,PAZHASSI RESERVOIR (KANNUR),LAKE,KERALA,30,8,7.8,73,1.2,0.3,80,620,0
192.229.173.173-10.42.0.211-80-55571-6,"PERIYAR LAKE AT THEKKADY, KERALA",LAKE,KERALA,26,7.8,7.6,44,1,0.3,2,100,1
203.205.158.63-10.42.0.151-80-51960-6,"POOKOTE, KERALA",LAKE,KERALA,29,8.2,7,29,1.5,0.3,27,79,1
10.42.0.42-23.61.10.242-59543-443-6,RSVR AT BHOOTHATHANKETU,LAKE,KERALA,29,8.2,8.1,56,1.3,0.7,3500,5400,1
10.42.0.42-104.192.110.245-45915-443-6,RSVR AT EDAMALAYAR,LAKE,KERALA,29,8.2,7.7,48,1,0.3,120,400,1
203.205.158.63-10.42.0.211-80-51835-6,RSVR AT MALAMPUZHA,LAKE,KERALA,31,7.8,7.8,138,3.4,3.6,700,1200,0
203.205.158.34-10.42.0.211-80-44804-6,"SASTHAMCOTTA LAKE, KERALA",LAKE,KERALA,25,7.5,7.8,185,2,0.7,110,410,1
10.42.0.211-65.39.197.206-33354-443-6,"VELLAYANI LAKE AT VANDITHADOM, THIRUVANANTHAPURAM",LAKE,KERALA,27,7.1,6.9,165,3.8,0.3,700,1700,1
172.217.12.202-10.42.0.151-443-33445-6,"VEMBANAD LAKE,KOCHI (OIL TANKER JETTY), KERALA",LAKE,KERALA,31,7.8,7.9,42380,3.6,2.7,32000,200000,1
10.42.0.42-76.13.28.196-59221-443-6,MANANCHIRA POND AT KOZHEKODE,POND,KERALA,32,8.2,8,190,2.1,0.72,810,1300,0
10.42.0.211-123.125.29.220-55334-80-6,"POND AT (PADMANABHA) SREE
PADMANABHA SWAMY TEMPLE (TVPM)",POND,KERALA,27,6.7,7.9,282,7.8,0.3,2200,7000,0
10.42.0.211-10.42.0.1-54844-53-17,POND C/O MOHIDHEEN PALLI,POND,LAKSHADWEEP,31.3,-,9.2,515,-,0.32,2,2,0
192.229.163.180-10.42.0.211-443-36633-6,POND NEAR JUMA MASJID,POND,LAKSHADWEEP,30,9,9.5,900,1,0.32,5,1600,1
10.42.0.42-31.13.80.5-38345-443-6,POND NEAR KULAPPINAKKAL,POND,LAKSHADWEEP,31.1,-,7.6,824,-,-,-,-,1
10.42.0.42-42.236.125.112-48507-80-6,BILAWALI TALAB AT INDORE,LAKE,"MADHYA
PRADESH",24.3,7.9,8.8,512,2,4.42,2,63,0
10.42.0.211-123.125.29.220-32882-80-6,CHORAL DAM NEAR INDORE,LAKE,"MADHYA
PRADESH",24,7.8,8.4,573,1.3,1.01,2,58,0
10.42.0.42-123.125.29.220-37387-80-6,GANGA SAGAR JABALPUR,LAKE,"MADHYA
PRADESH",28.2,7.3,8.2,764,6,0.77,110,920,1
10.42.0.151-31.13.80.5-34422-443-6,GOVINDGARH LAKE,LAKE,"MADHYA
PRADESH",32.9,7.9,8.1,288,1.6,1.18,2,47,0
163.177.151.166-10.42.0.211-443-43508-6,JANUNIA TALAB NEAR W/S,LAKE,"MADHYA
PRADESH",32,8.6,8.1,524,8.4,9.17,180,24000,0
10.42.0.42-103.235.46.39-57909-80-6,"KALISINDH RESERVOIR AT SARANGPUR,
RAJGARH",LAKE,"MADHYA
PRADESH",24,7.9,7.9,490,2.4,0.5,2,34,0
239.255.255.250-10.42.0.1-1900-52071-17,"KANHARGAON STOP DAM WATER
SUPPLY INTAKE OF CHHINDWARA TOWN",LAKE,"MADHYA
PRADESH",30,7.9,8.9,713,1.8,3,4,43,0
175.100.207.232-10.42.0.211-80-48237-6,"KERWA DAM NEAR REST HOUSE, BPL",LAKE,"MADHYA
PRADESH",30,10.4,8.3,422,1.4,6.66,180,35000,0
172.217.12.170-10.42.0.151-443-55773-6,"KHANDARI RESERVOIR WATER OFF TAKE
POINT",LAKE,"MADHYA
PRADESH",27,8.3,8.1,411,1.9,0.4,4,48,0
10.42.0.211-23.205.27.180-34039-80-6,"KOPTAL LAKE AT WATER SUPPLY INTAKE
POINT CHHATARPUR",LAKE,"MADHYA
PRADESH",30,7.1,8.5,702,2.9,0.47,2,38,1
10.42.0.151-54.192.38.212-41890-443-6,LOWER LAKE AT BHOPAL OUTLET M.P.,LAKE,MADHYA PRADESH,33,8.3,8,509,8,15.23,920,120000,0
172.217.3.106-10.42.0.211-443-43088-6,"MADHAV LAKE, SHIVPURI",LAKE,MADHYA PRADESH,27,7.8,8.1,800,3.2,0.98,8,110,0
209.85.232.113-10.42.0.42-443-46210-6,"MULTAI TANK LAKE AT VILLA. KHARI ON BETUL-AMRAVATI ROAD M.P(.TAPTI NEAR AMARAWATI, ROAD BRIDGE AT
VILLAGE KHEDA)",LAKE,MADHYA PRADESH,32,8,8.2,813,1.8,2.9,7,75,1
10.42.0.151-108.168.176.199-57691-5222-6,NAGCHUN TALAB AT KHANDWA,LAKE,"MADHYA
PRADESH",23.8,7.7,8.5,371,1.8,4.08,2,63,1
172.217.3.104-10.42.0.211-443-35964-6,"SHAHPURA LAKE AT WEIR NEAR
AYUSHMAN HOSPITAL, BHOPAL",LAKE,"MADHYA
PRADESH",33,10.2,8.6,738,12,21.39,2100,220000,0
172.217.12.131-10.42.0.151-443-54528-6,SIRPUR TALAB AT INDORE,LAKE,"MADHYA
PRADESH",23,7.8,8.2,796,1.4,1.22,2,63,0
10.42.0.211-10.42.0.1-16867-53-17,SUPTAL JABALPUR,LAKE,"MADHYA
PRADESH",27.7,7.7,7.8,690,5,0.6,350,1600,1
10.42.0.151-54.230.38.132-57574-443-6,UPPER LAKE AT BAIRAGARH CLUB,LAKE,MADHYA PRADESH,32,8,8.1,285,1.7,5.03,3500,92000,0
10.42.0.211-52.84.139.205-56502-443-6,"UPPER LAKE AT BHOPAL (INTAKE POINT), M.P.",LAKE,MADHYA PRADESH,32,8.1,7.7,305,4.2,3.9,4700,43000,1
172.217.10.74-10.42.0.151-443-33691-6,UPPER LAKE AT KARBALA CLUB,LAKE,MADHYA PRADESH,32,8.6,8.1,256,4,5.01,2600,92000,0
10.42.0.42-74.125.192.188-60156-5228-6,UPPER LAKE AT YATCH CLUB,LAKE,MADHYA PRADESH,31,8.6,8.2,288,3.6,4.75,3500,54000,0
174.35.73.71-10.42.0.151-80-44106-6,YASHWANT SAGAR AT INDORE,LAKE,MADHYA PRADESH,24,7.9,8.5,743,2.2,1.12,2,70,0
10.42.0.42-123.125.29.220-55729-80-6,BAGDOON TALAB PITHAMPUR SANJAY JALASHAY PITHAMPUR,POND,MADHYA PRADESH,24,7.8,8.4,424,1.3,1.92,2,403,1
175.100.207.231-10.42.0.211-443-59336-6,"DAL SAGAR TALAB, DIST SEONI",POND,MADHYA PRADESH,30.3,7.6,7.9,612,4.4,2.3,120,1600,1
10.42.0.151-31.13.69.197-60563-443-6,"GOKALPUR TALAB, DIST JABALPUR",POND,MADHYA PRADESH,27.6,7.6,8.7,671,8,0.73,150,1600,1
10.42.0.1-10.42.0.42-53-10349-17,HANUMANTAL JABALPUR,POND,"MADHYA
PRADESH",27.9,7.6,7.9,636,4,0.73,70,1600,0
172.217.11.42-10.42.0.42-443-51810-6,"MITHA TALAB, DEWAS",POND,MADHYA PRADESH,29,7.9,8.5,440,2.9,1,6,110,1
10.42.0.211-23.206.162.129-39557-80-6,MOTI TALAB AT BALAGHAT,POND,MADHYA PRADESH,31,7.8,7.9,687,5.2,0.3,110,920,0
183.79.250.251-10.42.0.151-443-57795-6,"PIPLIYA PALA TALAB, INDORE",POND,MADHYA PRADESH,24,7.6,8.7,621,2.2,3.09,2,140,0
172.217.10.10-10.42.0.151-443-60661-6,POND WATER AT LAKODA,POND,"MADHYA
PRADESH",25,7.5,7.9,592,2.1,1.02,4,49,1
10.42.0.211-64.71.142.110-51251-80-6,"RANI TALAB, REWA",POND,"MADHYA
PRADESH",30,7.5,8.5,415,1.9,0.9,2,48,1
10.42.0.211-58.63.236.212-45632-443-6,"RANITAL TALAB, JABALPUR",POND,"MADHYA
PRADESH",26,8.3,8.2,780,8,4.6,280,1600,0
10.42.0.211-69.147.82.60-59565-443-6,"RIHAND RESRVOIR, SINGRAULI",POND,"MADHYA
PRADESH",36,7.6,7.5,530,1.8,3.17,-,-,0
172.217.6.227-10.42.0.42-80-53285-6,SITAPAT TALAB DHAR,POND,"MADHYA
PRADESH",23,7.8,8.2,529,1.2,1,2,49,1
10.42.0.211-54.239.17.113-41022-443-6,"PERIAT TANK NEAR WSS INTAKE POINT
JABALPUR",TANK,"MADHYA
PRADESH",27.4,7.9,7.9,358,1.8,0.4,4,46,0
10.42.0.211-104.244.43.163-58414-443-6,LOKTAK LAKE AT BISHNUPUR,LAKE,MANIPUR,28,7.6,7.5,205,3.5,-,65,120,1
172.217.10.234-10.42.0.151-443-51058-6,LOKTAK LAKE AT KARANG ISLAND,LAKE,MANIPUR,28,7.3,7.5,240,3.7,-,20,60,1
172.217.10.98-10.42.0.151-443-48181-6,LOKTAK LAKE AT SENDRA,LAKE,MANIPUR,28,7.6,7.5,210,3.6,-,75,105,1
10.42.0.211-10.42.0.1-58130-53-17,LOKTAK LAKE AT THANA,LAKE,MANIPUR,28,7.4,7.7,215,3.6,-,45,95,0
10.42.0.151-123.125.29.220-53046-80-6,PUMLEN LAKE AT TOKPACHING,LAKE,MANIPUR,28,7.6,7.4,286,3.6,-,25,60,0
203.130.53.126-10.42.0.211-80-48804-6,CHANAM PUKHURI,POND,MANIPUR,28,6.9,7.6,430,3.9,0.3,60,175,1
10.42.0.211-64.71.142.96-45746-443-6,HIRANMEI PUKHURI AT THOUBAL,POND,MANIPUR,28,7.5,7.5,450,3.9,-,70,120,0
10.42.0.211-54.192.36.247-49231-443-6,LAMJAO PUKHURI AT ACHOUBA,POND,MANIPUR,28,7.4,7.5,350,3.6,-,20,50,0
10.42.0.211-64.71.142.110-60197-443-6,LANGMEIDONG PUKHURI AT THOUBAL,POND,MANIPUR,28,7.5,7.5,300,3.7,-,40,70,1
151.101.117.140-10.42.0.211-443-45531-6,LILONG PUKHURI,POND,MANIPUR,27,7.4,7.6,340,3.7,-,15,65,0
10.42.0.211-10.42.0.1-52514-53-17,NINGTHEM PUKHURI,POND,MANIPUR,28,6.8,7.7,350,4.4,-,70,185,0
172.217.6.202-10.42.0.211-443-49160-6,POND AT KAKWA BAZAR,POND,MANIPUR,28,7.1,7.7,660,4.1,-,65,170,0
10.42.0.151-52.84.134.181-58240-443-6,POND AT KONGBA BAZAR,POND,MANIPUR,28,7,7.6,610,4.6,-,95,310,1
203.205.158.60-10.42.0.42-80-58919-6,POND AT LALAMBUNG,POND,MANIPUR,27,7.1,7.4,320,3.7,-,40,110,0
10.42.0.211-104.254.66.16-56354-80-6,POND AT MAIBAM LOKPACHING,POND,MANIPUR,28,7.8,7.5,230,3.9,-,50,160,0
175.100.207.233-10.42.0.42-80-54198-6,POND AT MOIDANGPOK,POND,MANIPUR,28,7.8,7.6,175,3.6,-,15,50,1
182.22.67.102-10.42.0.211-443-57059-6,POND AT NGAIRANGBAM,POND,MANIPUR,27,7.8,7.6,190,3.7,-,62,75,0
172.217.6.206-10.42.0.42-443-38640-6,PUKHRI AT LANGMEIDONG,POND,MANIPUR,28,7.7,7.6,350,3.6,-,30,95,0
10.42.0.42-58.63.236.212-50450-443-6,"TASEK LAKE AT SONGSAK (NAPHAK),",LAKE,MEGHALAYA,29,7,7.3,78,2.2,0.56,170,540,0
172.217.10.238-10.42.0.151-443-35540-6,"THADLASKEIN LAKE, JOWAI",LAKE,MEGHALAYA,21,7.6,7.3,70,1.9,0.52,17,170,1
180.149.136.247-10.42.0.211-80-50686-6,UMIAM LAKE AT BARAPANI,LAKE,MEGHALAYA,23.1,6.8,7.8,117,7.8,1.12,420,1700,0
157.240.2.35-10.42.0.211-443-47200-6,UMIAM LAKE AT MIDDLE POINT,LAKE,MEGHALAYA,23,6.8,7.8,105,7.5,1.02,410,1300,0
172.217.3.102-10.42.0.211-443-41727-6,"UMIAM LAKE AT OUTFALL OF UMIAM
INTO LAKE",LAKE,MEGHALAYA,23.1,5.9,7.9,250,9,1.22,520,2100,0
203.205.158.63-10.42.0.151-80-36742-6,"UMIAM LAKE ATNEAR UNITED
CHRISTIAN COLLEGE",LAKE,MEGHALAYA,23.2,6.6,7.8,130,7,0.66,460,1700,1
10.42.0.151-31.13.71.1-57733-443-6,WARD'S LAKE AT SHILLONG,LAKE,MEGHALAYA,26,7.8,7.8,145,3.6,0.79,120,490,0
157.240.18.36-10.42.0.211-443-54595-6,"TAMDIL LAKE, SAITUAL",LAKE,MIZORAM,22,12.7,7.6,283,2.2,0.03,-,-,1
10.42.0.151-10.42.0.1-36720-53-17,LAWBUAI FISHPOND,POND,MIZORAM,29,9.5,7.8,422,3.2,0.12,-,-,1
10.42.0.151-72.21.206.141-36649-443-6,"POND NEAR THERMAL POWER PLANT, BAIRABI",POND,MIZORAM,30,8.9,7.7,347,2.9,0.06,-,-,0
10.42.0.151-10.42.0.1-50277-53-17,"PHE RESERVOIR, HELIPAD, NEW SAIHA",TANK,MIZORAM,22,9.2,7.8,379,2.6,0.03,-,-,0
151.101.21.140-10.42.0.211-443-33377-6,"BANGLA FISHERY, DIMAPUR",LAKE,NAGALAND,34.3,6.2,8,550,2.6,1.7,-,-,0
10.42.0.151-10.42.0.1-20297-53-17,"PUDUMPUKHURI, DIMAPUR",LAKE,NAGALAND,41,6.8,7.8,250,2.8,1.6,-,-,0
10.42.0.211-10.42.0.1-9300-53-17,ANSHUPA AT BISHNUPUR,LAKE,ODISHA,35,7.5,8,184,2.6,0.62,4900,17000,1
172.217.12.202-10.42.0.211-443-44417-6,ANSHUPA AT SARANDAGARH,LAKE,ODISHA,33,7.7,8.2,223,2.2,1.15,2300,9200,1
172.217.11.3-10.42.0.151-443-52237-6,ANSHUPA AT SUBARANAPUR,LAKE,ODISHA,34,7.8,8.5,181,1.9,1.02,3500,16000,0
172.217.6.206-10.42.0.151-443-52840-6,ANSHUPA LAKE KADALIBARI,LAKE,ODISHA,32,7.8,8.4,259,2.3,1.22,1700,4700,1
172.217.3.99-10.42.0.151-443-45950-6,CHILKA AT RAMBHA,LAKE,ODISHA,32,11,8.5,40520,2.7,1.66,2300,4900,0
180.149.136.194-10.42.0.211-80-57339-6,"CHILKA LAKE AT SATAPADA (RAMSAR
SITE)",LAKE,ODISHA,32,9.6,8.4,42780,1.9,1.59,1700,3500,0
172.217.10.110-10.42.0.211-443-53532-6,TAMPADA LAKE AT CHHATRAPUR,LAKE,ODISHA,30,11.5,8.5,945,6,2.12,1700,3500,0
10.42.0.211-23.194.182.157-51608-443-6,"BINDUSAGAR ( RELIGIOUS POND OF BHUBANESWAR CITY) (NORTH) (LINGRAJ
TEMPLE)",POND,ODISHA,33,9.1,8,420,2.8,1.52,24000,54000,0
182.22.24.124-10.42.0.211-443-33062-6,INDRADYUMNA TANK ( RILIGIOUS POND OF PURI CITY),POND,ODISHA,34,11.9,9.4,561,5.7,1.72,35000,54000,1
10.42.0.211-104.119.40.238-35625-443-6,JAGANNATH SAGAR POND OF JEYPORE,POND,ODISHA,29,6.4,7.6,402,2.7,1.84,160000,160000,0
180.76.176.11-10.42.0.211-80-56151-6,"MARKANDA POKHARI ( RILIGIOUS POND
OF PURI CITY)",POND,ODISHA,34,12.5,9.4,688,8.3,8.62,13000,24000,0
172.217.3.110-10.42.0.151-443-44989-6,"NARENDRA POKHARI ( RILIGIOUS POND
OF PURI CITY)",POND,ODISHA,34,15.7,9.5,961,8.2,2.92,1300,9200,0
10.42.0.211-10.42.0.1-59595-53-17,"PARVATI SAGAR ( RILIGIOUS POND OF
PURI CITY)",POND,ODISHA,35,11.1,9.3,599,12,3.46,2400,5400,0
10.42.0.151-10.42.0.1-62080-53-17,RANIGUDA POND,POND,ODISHA,26,12.6,8.4,1334,9.5,11.52,1300,2800,0
172.217.5.227-10.42.0.151-80-52601-6,SWETAGANGA ( RILIGIOUS POND OF PURI CITY),POND,ODISHA,35,15.6,9.3,745,8,13.34,2400,4300,0
10.42.0.211-10.42.0.1-5236-53-17,BAHOUR LAKE,LAKE,PUDUCHERRY,33,5.6,7.5,375,2.5,1.22,23,1600,0
10.42.0.211-10.42.0.1-31211-53-17,KANAGAN LAKE,LAKE,PUDUCHERRY,33,14.1,9.1,1682,30,4.3,500,1600,1
172.217.7.196-10.42.0.151-443-42131-6,OUSTERI LAKE,LAKE,PUDUCHERRY,32,9.3,8,283,2.3,0.82,110,1600,1
183.79.250.251-10.42.0.151-443-35993-6,"HARIKE LAKE AT HARIKE VILLAGE,
PUNJAB",LAKE,PUNJAB,29,9,8.1,295,2.7,2.9,1300,3300,0
239.255.255.250-10.42.0.151-1900-57437-17,"HARIKE LAKE D/S FROM CANAL, PUNJAB",LAKE,PUNJAB,29,9.4,8.1,340,3.8,5.6,1700,4100,1
10.42.0.211-66.198.24.243-57410-80-6,"RANJIT SAGAR RESERVOIR, PUNJAB",LAKE,PUNJAB,37,8.2,8.3,234,1,0.7,40,140,1
172.217.3.106-10.42.0.42-443-40846-6,"FATEH SAGAR LAKE AT UDAIPUR INTAKE POINT OF PHED, RAJASTHAN",LAKE,RAJASTHAN,28,7.3,8.7,867,2.8,6.42,93,210,1
208.185.50.65-10.42.0.211-443-40195-6,"GAPE- SAGAR LAKE, DUNGARPUR, RAJASTHAN",LAKE,RAJASTHAN,29,5.2,8.9,11113,4.1,8.22,460,1100,1
172.217.11.2-10.42.0.211-443-37220-6,"GOVERDHAN SAGAR, UDAIPUR",LAKE,RAJASTHAN,28,5.8,8.5,1283,3.3,6.22,460,1100,0
10.42.0.211-103.7.30.118-57944-80-6,"JAISAMAND LAKE, ALWAR, RAJASTHAN",LAKE,RAJASTHAN,29,4.4,7.2,279,1.4,1.26,93,150,1
10.42.0.211-10.42.0.1-27667-53-17,"JAISAMAND LAKE, SALUMBER, UDAIPUR, POINT NO. 1, RAJASTHAN",LAKE,RAJASTHAN,28,7.8,9,777,2.1,3.54,75,150,1
10.42.0.151-10.42.0.1-21502-53-17,"JAISAMAND LAKE, SALUMBER, UDAIPUR, POINT NO. 2, RAJASTHAN",LAKE,RAJASTHAN,28,7.8,8.9,665,2.4,3.37,75,150,0
10.42.0.211-64.71.142.96-45731-80-6,"JALMAHAL, JAIPUR, RAJASTHAN",LAKE,RAJASTHAN,30,4.4,9.2,2670,5.9,10.32,460,1100,1
172.217.10.131-10.42.0.211-443-48406-6,"JET SAGAR LAKE, BUNDI, RAJASTHAN",LAKE,RAJASTHAN,33,4.4,8.6,435,3.2,4.08,240,460,0
10.42.0.151-52.84.134.181-58239-443-6,"KAYALANA JHEEL JODHPUR, RAJASTHAN",LAKE,RAJASTHAN,26,9,8.5,408,2.1,2.61,93,150,0
10.42.0.151-23.206.193.4-36573-80-6,"LODHA TALAB, BANSWARA- DUNGARPUR ROAD, BANSWARA,
RAJASTHAN",LAKE,RAJASTHAN,32,6.6,8.6,1177,4.1,7.84,460,1100,0
10.42.0.211-64.71.142.110-41778-443-6,"NAKKI LAKE, MT. ABU, RAJASTHAN",LAKE,RAJASTHAN,25.5,6.7,8.3,420,3.4,3.84,150,210,1
10.42.0.151-104.244.43.195-40155-443-6,"NELA TALAB, SECTOR-14 HIRAN MARG, UDAIPUR",LAKE,RAJASTHAN,28,7.2,8.9,1154,3.9,3.53,240,460,0
172.217.10.238-10.42.0.42-443-56763-6,"PICHOLA LAKE AT UDAIPUR (WATER INTAKE POINT), RAJASTHAN",LAKE,RAJASTHAN,29,6.2,8.5,607,2.3,5.42,39,75,1
10.42.0.211-64.71.142.95-53762-443-6,"PUSHKAR LAKE, RAJASTHAN",LAKE,RAJASTHAN,29,8.5,8,390,4.5,5.36,93,150,0
10.42.0.211-10.42.0.1-30249-53-17,"RAJSAMAND LAKE , RAJSAMAND- POINT
NO. 1, RAJSAMAND, RAJASTHAN",LAKE,RAJASTHAN,26,7.7,8.9,790,2.6,3.53,150,240,1
180.149.136.247-10.42.0.211-80-59415-6,"RAJSAMAND LAKE , RAJSAMAND- POINT
NO. 2, RAJSAMAND, RAJASTHAN",LAKE,RAJASTHAN,27,7.2,9.3,771,2.6,4.68,240,460,1
10.42.0.151-108.174.11.1-39779-443-6,"SILISERH LAKE, ALWAR, RAJASTHAN",LAKE,RAJASTHAN,30,6.6,8.9,292,1.7,2.67,75,150,0
180.149.136.194-10.42.0.42-80-39367-6,SWAROOP SAGAR LAKE,LAKE,RAJASTHAN,27,5.7,8.9,790,2.4,3.52,93,210,1
10.42.0.211-10.42.0.1-37485-53-17,"UDAISAGAR LAKE AT UDAIPUR (INTAKE
PT.) RAJASTHAN",LAKE,RAJASTHAN,28,6,8.5,1963,3.1,7.92,150,240,1
8.8.8.8-10.42.0.211-53-44564-17,"BADI KA TALAB, UDAIPUR",POND,RAJASTHAN,27,7.9,8.4,532,2.4,3.69,64,120,0
172.217.6.206-10.42.0.151-443-45028-6,"KODAI KANAL LAKE, TAMILNADU",LAKE,TAMIL NADU,28,7,7.5,147,3,0.95,36,96,0
172.217.6.206-10.42.0.42-443-58124-6,"POONDI LAKE AT THIRUVALLUR, TAMILNADU",LAKE,TAMIL NADU,40,8.9,8.1,745,3,0.52,2,68,1
172.217.11.3-10.42.0.211-80-58091-6,"PORUR LAKE AT THIRUVALLUR, TAMILNADU",LAKE,TAMIL NADU,37,7,8,1410,4,0.62,78,230,1
10.42.0.151-106.39.169.66-45237-80-6,"PULICATE LAKE AT THIRUVALLUR, TAMILNADU",LAKE,TAMIL NADU,36,6.9,8.2,59400,4,1.5,45,230,1
10.42.0.211-95.213.11.133-35732-80-6,"REDD HILLS AT THIRUVALLUR, TAMILNADU",LAKE,TAMIL NADU,33,7.1,8,660,4,0.62,20,200,0
10.42.0.211-10.42.0.1-53942-53-17,"UDHAGAMADALEM LAKE (OOTY),
TAMILNADU",LAKE,TAMIL NADU,31,7.2,7.1,492,4.5,0.33,120,330,1
192.229.173.173-10.42.0.42-443-55320-6,"VEERANAM LAKE AT CUDDALORE,
TAMILNADU",LAKE,TAMIL NADU,30,6.4,7.9,684,3,0.82,46,120,0
10.42.0.211-10.42.0.1-19711-53-17,"YERCAUD LAKE, SALEM, TAMILNADU",LAKE,TAMIL NADU,30,7,7.8,371,2.2,0.33,120,260,1
10.42.0.151-23.194.181.192-55809-443-6,"OVER HEAD TANK AT TIRUR VILLAGE, TIRUVALLUR TALUK, TIRUVALLUR
PANCHAYAT UN",TANK,TAMIL NADU,39,6.7,7.4,2032,4,1.18,20,110,0
198.11.188.75-10.42.0.211-443-45885-6,"BAKSHI KUNTA (VEMANA COLONY PARK), CHANDANAGAR,
SERILINGAMPALLY, RR",LAKE,TELANGANA,24,4.4,8.4,1451,16,7.6,23,540,0
172.217.11.35-10.42.0.151-443-39644-6,"BANDA CHERUVU, MALKAJIGIRI (V),
MALKAJIGIRI (NEW MANDAL)",LAKE,TELANGANA,29,1.3,8.1,1680,16,24.7,58,430,1
10.42.0.211-54.235.136.174-36792-443-6,"BANDAM CHERUVU, GAJULARAMARAM, QUTUBULLAPUR, MEDCHAL 
MALKAGIRI",LAKE,TELANGANA,27,3.8,8.2,877,9,6.2,63,540,1
10.42.0.151-10.42.0.1-52014-53-17,"BANDAM CHERUVU, HANAMKONDA",LAKE,TELANGANA,29,4.1,8.5,1457,12,38,36,430,1
10.42.0.211-59.38.112.48-34266-443-6,"BANDLAGUDA CHERUVU, BANDALGUDA
UPPAL, MEDCHAL - MALKAGIRI",LAKE,TELANGANA,32,0.3,7.9,1519,16,14.8,94,540,1
202.77.129.161-10.42.0.211-80-48856-6,"BANJARA KUNTA (SINGADI KUNTA(,
SHAIKPET",LAKE,TELANGANA,30,4.1,8.4,1191,6.8,14.2,39,540,1
10.42.0.211-10.42.0.1-10862-53-17,"BANJARA LAKE, BANJARA HILLS, RANGA REDDY",LAKE,TELANGANA,28,0.3,7.9,1246,18,10.8,70,540,1
10.42.0.211-106.39.162.36-50140-80-6,"BATHAR KUNTA, SHAIKPET, HYDERABAD",LAKE,TELANGANA,30,2,8.5,1318,12,12.4,63,920,1
239.255.255.250-10.42.0.1-1900-35826-17,"CAMPUS LAKE, ICRISAT",LAKE,TELANGANA,25,6.9,7.5,750,3,7.1,17,240,1
10.42.0.151-52.94.232.33-41263-443-6,"CHAKALAVANI CHERUVU, LINGAMPALLY, SERILINGAMPALLY, RR",LAKE,TELANGANA,30,2.9,8.3,1528,20,17.7,36,540,1
172.217.9.234-10.42.0.42-443-36668-6,"CHINNA BANDAM, SURARAM, QUTUBULLAPUR, MEDCHAL  MALKAGIRI",LAKE,TELANGANA,29,3.9,8.3,1888,14,12.8,63,540,0
10.42.0.42-47.93.76.169-47223-80-6,"CHINNA PEDDA CHERUVU, GOPANPALLY, SERILINGAMPALLY, RR",LAKE,TELANGANA,29,5.1,8.6,987,6,356,33,540,0
172.217.10.110-10.42.0.151-443-38017-6,"CHINNARAYAN CHERUVU, ALWAL (V)",LAKE,TELANGANA,30,2.2,8.2,1732,12,18,63,540,1
169.45.214.248-10.42.0.151-5222-56112-6,"CHINTAL CHERUVU, GAJULARAMARAM, QUTUBULLAPUR, MEDCHAL 
MALKAGIRI",LAKE,TELANGANA,30,5,8.5,572,6,4,33,540,0
172.217.11.14-10.42.0.211-443-44615-6,"DMRL LAKE, KANCHANBAGH,
BANDLAGUDA, HYDERABAD",LAKE,TELANGANA,30,3.8,8.2,1821,18,16.8,79,540,1
10.42.0.211-104.192.108.27-42241-80-6,"FOX SAGAR, JEEDIMETLA, RANGA REDDY",LAKE,TELANGANA,30,3.2,8.5,1476,6,14,54,540,1
10.42.0.211-52.71.229.141-53237-443-6,"GOPI CHERUVU, LINGAMPALLY,
SERILINGAMPALLY, RR",LAKE,TELANGANA,32,4.1,8.4,1323,10,10.3,34,540,0
203.130.53.126-10.42.0.151-80-53625-6,"GURUNATH CHERUVU, MIYAPUR, SERILINGAMPALLY, RR",LAKE,TELANGANA,30,3.9,8.5,1313,14,39,33,540,1
172.217.3.110-10.42.0.151-443-50648-6,"HASMATHPET LAKE, HASMATHPET, RANGA REDDY",LAKE,TELANGANA,30,0.3,8.4,1685,10,7,84,540,0
216.58.219.238-10.42.0.151-443-33828-6,"HIMAYAT SAGAR LAKE , R.R.DIST.",LAKE,TELANGANA,29,6.2,8.1,526,2.6,1.2,4,110,0
162.208.22.39-10.42.0.42-443-55492-6,"HUDA PARK LAKE/ BUMRUKH KHAN
DOWLA",LAKE,TELANGANA,35,0.9,8.4,3194,22,29,120,920,1
10.42.0.211-103.235.46.39-51712-80-6,"HUSSAIN SAGAR LAKE, BUDAMERU",LAKE,TELANGANA,32,2.4,8,1410,8,14.6,120,920,1
10.42.0.1-10.42.0.42-53-9296-17,"ICRISAT LAKE, ICRISAT",LAKE,TELANGANA,25,6.8,7.3,914,3.6,7.15,25,280,0
10.42.0.151-31.13.71.3-43168-443-6,"KAPRAI CHERUVU, SAHEBNAGAR (V),
HAYATHNAGAR",LAKE,TELANGANA,35,5,8.3,671,4,2.4,34,280,0
10.42.0.211-10.42.0.1-62089-53-17,"KOMATI KUNTA, GOPANPALLY,
SERILINGAMPALLY, RR",LAKE,TELANGANA,30,5.1,8.5,775,7,7.8,27,430,0
10.42.0.211-66.198.24.243-46984-80-6,"KOTHA CHERUVU (ALWAL CHERUVU), ALWAL (V)",LAKE,TELANGANA,29,0.9,8.5,1942,14,27,63,540,1
202.77.129.161-10.42.0.42-80-45254-6,"KOTHA CHERUVU, SHAIKPET, HYDERABAD",LAKE,TELANGANA,29,4.1,8.5,1366,10,12,49,430,0
172.217.9.238-10.42.0.211-443-52710-6,"KUDI KUNTA (GAUTAMI LAKE), KONDAPUR, SERILINGAMPALLY, RR",LAKE,TELANGANA,33,0.3,7.6,1769,17,19.9,47,540,1
10.42.0.211-23.7.36.183-36310-80-6,LAKE KAMUNI ( SHAMSHABAD LAKE),LAKE,TELANGANA,35,4.4,8.4,1291,5.8,8.8,33,540,0
10.42.0.211-121.12.98.62-55456-80-6,"LAKNAVARAM CHERUVU, MULUGU (V)",LAKE,TELANGANA,29,6.6,8.4,211,2.6,0.8,2,32,1
10.42.0.211-123.125.29.220-41298-80-6,"LANGARHOUSE LAKE, HYDERABAD",LAKE,TELANGANA,30,1,8.2,1520,10,13,110,540,0
182.22.24.124-10.42.0.211-443-53919-6,"LAXMINARAYANA CHERUVU AT
EDULABAD, RANGAREDDY",LAKE,TELANGANA,30,5.4,8.3,1744,5.4,4.5,22,350,0
216.58.219.228-10.42.0.211-443-53562-6,"LINGAM CHERUVU, SURARAM (V),
QUTHUBULLAPUR",LAKE,TELANGANA,29,0.3,7.7,1731,12,18.2,63,920,0
10.42.0.151-10.42.0.1-52463-53-17,"LINGAM KUNTA, CHANDANAGAR (V)
SERLINGAMPALLY",LAKE,TELANGANA,27,3.2,8.5,1360,10,12,47,540,0
10.42.0.1-10.42.0.42-53-24324-17,"MADDELLA KUNTA/ BAIRAMALGUDA
CHERUVU",LAKE,TELANGANA,35,5.8,8,1358,5.4,6,49,540,0
10.42.0.42-110.147.148.180-46360-45927-17,"MAHABOOB KUNTA, SURARAM, QUTUBULLAPUR, MEDCHAL 
MALKAGIRI",LAKE,TELANGANA,28,5.1,7.8,882,8,11.6,33,540,0
239.255.255.250-10.42.0.1-1900-54922-17,"MANNEVARI KUNTA, MACHABOLLARAM
(V) ALWAL",LAKE,TELANGANA,29,0.3,8.2,1983,10,16.6,63,540,0
172.217.10.74-10.42.0.211-443-47806-6,"MEDDELA KUNTA, GAJULARAMARAM, QUTUBULLAPUR, MEDCHAL 
MALKAGIRI",LAKE,TELANGANA,28,4.2,8.2,1054,11,23,47,540,1
180.149.153.234-10.42.0.211-80-35914-6,"MEDI KUNTA (WIPRO LAKE),
NANAKRAMGUDA",LAKE,TELANGANA,31,3.8,8.4,1030,10,16.2,84,540,0
172.217.10.74-10.42.0.42-443-44597-6,"MEEDI KUNTA (BK ENCLAVE LAKE), MAQTA MAHBOOBPET,
(MADEENAGUDA)",LAKE,TELANGANA,29,3,8.4,1244,11,9.2,46,540,1
10.42.0.211-66.102.255.44-43112-443-6,"MEEDI KUNTA, HAFEEZPET (V)",LAKE,TELANGANA,29,3.8,8.4,1106,10,8.6,73,540,0
10.42.0.42-66.102.255.45-57156-80-6,"MIRALAM LAKE NEAR ZOO PARK, RANGAREDDY",LAKE,TELANGANA,31,2.9,8.1,1398,8,6.4,84,430,0
10.42.0.211-77.234.44.200-54511-80-6,"MOHINI CHERUVU, AMBERPET, HYDERABAD",LAKE,TELANGANA,27,4,8.5,2188,18,9.9,63,430,0
10.42.0.211-10.42.0.1-22923-53-17,"MOTHKULA KUNTA, MACHABOLLARAM, ALWAL, MEDCHAL - MALKAGIRI",LAKE,TELANGANA,42,3.1,8.2,1790,11,18.6,63,540,1
10.42.0.151-68.67.178.176-42952-443-6,"MYSAMMA CHERUVU, KUKATPALLY, BALANAGAR, MEDCHAL - MALKAGIRI",LAKE,TELANGANA,28,2,8,1358,13,12.6,63,920,1
10.42.0.1-10.42.0.42-53-58923-17,"NAGOLE CHERUVU, UPPAL (V)",LAKE,TELANGANA,32,2,8.4,1632,12,13.5,84,540,1
163.177.151.166-10.42.0.211-443-43422-6,"NANAKRAM KUNTA, NANAKRAMGUDA,
SERILINGAMPALLY, RR",LAKE,TELANGANA,35,3.8,8.2,1102,32,6,21,430,0
10.42.0.211-104.254.66.16-48280-80-6,NARINJA LAKE,LAKE,TELANGANA,26,7.1,7.4,670,3,7.15,9,41,1
174.35.73.174-10.42.0.211-80-59282-6,"NAYA QUILA TALAB, GOLKONDA,
HYDERABAD",LAKE,TELANGANA,32,3.3,8.9,1356,20,14.3,63,540,1
172.217.3.110-10.42.0.42-443-60015-6,"NAYANAMMA KUNTA (BASPALLI CHERUVU), HAFEEZPET,
SERILINGAMPALLY, RR",LAKE,TELANGANA,27,4,8.6,1248,10,14,33,540,1
10.42.0.42-104.254.66.16-38211-80-6,NEKNAMPUR LAKE,LAKE,TELANGANA,35,2.7,8.5,2186,12,35,84,920,0
172.217.6.238-10.42.0.151-443-42647-6,"NOOR MD. KUNTA, KATTEDAN,
RANGAREDDY",LAKE,TELANGANA,29,0.3,7.9,2436,22,28.7,94,540,0
10.42.0.151-10.42.0.1-57560-5351-17,"PARKI CHERUVU, KUKATPALLY (V),
BALANAGAR",LAKE,TELANGANA,28,0.3,8.1,1803,12,26,63,540,1
10.42.0.211-10.42.0.1-36503-53-17,"PATEL CHERUVU, NACHARAM (V),
UPPAL (NEW MANDAL)",LAKE,TELANGANA,30,0.3,8.1,1745,22,28,63,540,0
10.42.0.211-64.71.142.110-44127-443-6,"PATEL CHERUVU, UPPAL (V)",LAKE,TELANGANA,32,2.6,7.7,1515,14,9.4,73,430,0
10.42.0.211-10.42.0.1-63569-53-17,"PATHULGUDA LAKE, PATHALGUDA, UPPAL, MEDCHAL - MALKAGIRI",LAKE,TELANGANA,32,2.2,8.6,1579,22,11.2,77,540,0
10.42.0.211-50.18.248.150-51942-443-6,"PEDDA CHERUVU - KHAJA GUDA, KHJAGUDA (V), SERLINGAMPALLY 9NEW MANDAL)",LAKE,TELANGANA,34,4.6,8.2,1817,19,15,220,1600,1
10.42.0.211-106.11.129.143-45315-80-6,"PEDDA CHERUVU, GANGARAM (V) SERLINGAMPALLY (NEW MANDAL)",LAKE,TELANGANA,28,3.4,8.3,2440,14,12.4,94,540,1
172.217.12.206-10.42.0.211-443-46791-6,"PEDDA CHERUVU, MADIKONDA",LAKE,TELANGANA,29,5.9,8.4,746,8,2.8,31,350,0
10.42.0.211-114.134.80.163-57174-443-6,"PEDDAKUDI CHERUVU, MAQTA
MAHBOOBPET, SERILINGAMPALLY, RR",LAKE,TELANGANA,27,3.2,8.3,1404,15,14.3,33,540,1
180.149.136.194-10.42.0.211-80-43791-6,"PHAKAL CHERUVU, NARSAMPET",LAKE,TELANGANA,28,6.5,8.5,458,2.8,0.8,2,39,0
203.130.53.126-10.42.0.211-80-39094-6,"RAMAMMA KUNTA (DR. YSR TOURISM COLLEGE), GACHIBOWLI,
SERILINGAMPALLY, RR",LAKE,TELANGANA,35,2.4,8.5,868,6,13,33,540,0
157.240.18.19-10.42.0.211-443-58443-6,"RAMAPPA LAKE, WARANGAL",LAKE,TELANGANA,27,6.4,8.3,339,2.3,1.2,4,120,1
10.42.0.211-98.139.183.24-36243-80-6,"RED LAKE, ICRISAT",LAKE,TELANGANA,25,6.6,7.5,1072,5,10.17,31,350,0
172.217.12.170-10.42.0.151-443-55343-6,"REGULA KUNTA, MIYAPUR
SERILINGAMPALLY, RR",LAKE,TELANGANA,32,4.2,8.4,920,8,8.6,22,540,0
10.42.0.211-123.125.115.164-42266-443-6,"SAFILGUDA LAKE, RANGA REDDY",LAKE,TELANGANA,30,1.6,8.3,1865,13,12,84,540,1
10.42.0.1-10.42.0.42-53-6913-17,"SALKAM CHERUVU, BANDLAGUDA, HYDERABAD",LAKE,TELANGANA,30,2.2,8.3,2627,36,18.6,63,540,0
209.10.120.26-10.42.0.211-80-40082-6,"SAROORNAGAR , RANGA REDDY DIST.",LAKE,TELANGANA,35,1.2,8.3,1537,14,10.6,34,540,0
172.217.6.206-10.42.0.151-443-51732-6,"SHAHATAM CHERUVU, SHAIKPET,
HYDERABAD",LAKE,TELANGANA,30,0.3,8.1,1535,22,10.2,63,540,1
10.42.0.211-112.80.248.220-43804-443-6,"SHAMEERPET LAKE, SHAMEERPET,
RANGA REDDY",LAKE,TELANGANA,29,6.1,8.4,622,2.8,2.4,12,280,0
172.217.6.202-10.42.0.211-443-37661-6,"SHIKARI KUNTA, SHAIKPET, HYDERABAD",LAKE,TELANGANA,30,5.9,8.5,1354,7,10.2,63,540,0
10.42.0.211-104.94.222.37-36014-80-6,"SUDALAVANI KUNTA (SUNNAM CHERUVU), ALLAHPUR, BALANAGAR,
MEDCHAL - MALKAGIRI",LAKE,TELANGANA,41,1,7.8,1592,14,14.2,63,540,1
203.205.158.61-10.42.0.42-80-46305-6,SURISIGAL LAKE ICRISAT,LAKE,TELANGANA,25,6.7,7.4,838,3.4,7.13,27,280,1
10.42.0.211-10.42.0.1-55559-53-17,"SURRAM CHERUVU (PALLE CHERUVU), BANDLAGUDA (V), BANDLAGUDA (NEW
MANDAL)",LAKE,TELANGANA,33,1,7.9,2360,16,19,73,540,1
10.42.0.211-77.234.42.92-54716-443-6,"TIRUMALAGIRI TANK, TIRUMALAGIRI, HYDERABAD",LAKE,TELANGANA,38,0.3,8.4,1558,12,14.2,33,540,1
192.229.173.173-10.42.0.211-443-48497-6,"UMDA SAGAR LAKE, SHAMSHABAD",LAKE,TELANGANA,35,3.7,8.4,1020,8,7.4,57,430,0
10.42.0.211-106.11.30.199-37175-80-6,"VENNA CHERUVU, JEEDIMETLA, QUTUBULLAPUR, MEDCHAL 
MALKAGIRI",LAKE,TELANGANA,30,3.1,7.8,1604,16,52,63,540,0
174.35.73.135-10.42.0.211-80-41943-6,"YELLAMMA CHERUVU, KUKATPALLY, MEDCHAL - MALKAGIRI",LAKE,TELANGANA,28,3,8.1,2250,20,37,63,920,0
239.255.255.250-10.42.0.1-1900-33817-17,"YERRA KUNTA, SHAIKPET, HYDERABAD",LAKE,TELANGANA,29,3.8,8,1352,19,8.6,57,920,0
216.58.219.226-10.42.0.211-443-44824-6,"AMBER CHERUVU, KUKATPALLY, RANGA
REDDY",POND,TELANGANA,29,0.3,8.2,1500,12,6.4,79,430,1
10.42.0.211-98.139.183.24-40209-443-6,"ASANI KUNTA, KAJIPALLY, MEDAK",POND,TELANGANA,24,1.3,7.3,15300,350,46.37,14,540,0
10.42.0.151-10.42.0.1-36078-53-17,"BHADRAKALI CHERUVU, BHADRAKALI TEMPLE, WARANGAL",POND,TELANGANA,28,5.9,8.5,901,4,2.2,27,220,1
10.42.0.211-10.42.0.1-27101-53-17,DURGAM CHERUVU,POND,TELANGANA,30,3.6,8.5,944,6,5.4,57,430,0
202.77.129.150-10.42.0.211-443-39759-6,"KAPRA CHERUVU, KAPRA, RANGA
REDDY",POND,TELANGANA,29,3.2,8.3,1609,8,4.6,53,540,1
182.254.5.234-10.42.0.211-80-47922-6,"LOTUS POND, HAKIMPET (V), SHAIK PET
(NEW MANDAL)",POND,TELANGANA,35,5.1,8.6,873,4,10.8,43,430,0
10.42.0.1-10.42.0.42-53-29497-17,"NALLA CHERUVU, RANGAREDDY",POND,TELANGANA,28,1.2,8.3,1753,10,4.8,47,540,0
172.217.10.142-10.42.0.151-443-39795-6,"OUTLET OF KTPP ASH POND JOINING TO
MORANCHA VAGU, CHELPUR, GHANPUR",POND,TELANGANA,28,5.4,8.4,996,3.9,1.8,4,130,1
10.42.0.151-103.43.91.10-55775-443-6,PEDDA CHERUVU,POND,TELANGANA,30,1.2,8.5,1665,12,26,63,920,1
10.42.0.151-119.146.74.49-45242-443-6,"PEDDA CHERUVU (NACHARAM
CHERUVU)",POND,TELANGANA,29,2,7.9,1605,6,28.8,58,540,1
172.217.9.234-10.42.0.151-443-38733-6,"PRAGATHINAGAR CHERUVU, KUKATPALLY, RANGA REDDY",POND,TELANGANA,29,1.8,8,1505,15,9,47,540,1
10.42.0.211-10.42.0.1-44407-53-17,"RANGADHAMUNI CHERUVU, RANGA REDDY",POND,TELANGANA,28,2.2,8.4,1679,11,7.6,63,540,0
10.42.0.211-27.221.21.166-56073-80-6,"SAI CHERUVU, NEAR TANNERY INDUSTRIES, DESAIPET, WARANGAL",POND,TELANGANA,28,3,8.5,7050,32,14,31,350,0
216.58.219.226-10.42.0.211-443-42080-6,"AMEENPUR CHERUVU, AMEENPUR (V & M) SANGAREDDY DISTRICT",TANK,TELANGANA,26,6,7.5,1347,6,13.17,12,170,1
172.217.12.163-10.42.0.151-443-36459-6,BIBINAGAR TANK,TANK,TELANGANA,22,6.2,7.5,1004,4.5,12.12,12,49,0
10.42.0.211-10.42.0.1-52018-53-17,"BULBUL KUNTA, LAXMI NAGAR (V),
RAJENDRANAGAR",TANK,TELANGANA,33,0.3,8.4,2234,19,23,84,920,1
172.217.10.35-10.42.0.151-443-40224-6,"CHINNA WADDEPALLY TANK,
WARANGAL",TANK,TELANGANA,28,4.6,8.4,1355,18,12,47,540,1
10.42.0.151-52.84.145.106-47582-443-6,"CHITKUL TANK, CHITKUL (V) PATANCHERU (M) SANGAREDDY
DISTRICT",TANK,TELANGANA,26,6.3,7.5,1687,6,15.13,11,140,0
10.42.0.211-66.102.255.50-35708-443-6,DHARMASAGAR TANK NEAR WARANGAL,TANK,TELANGANA,29,6.2,8.5,502,2.1,2.6,17,280,1
10.42.0.151-119.146.74.33-50168-443-6,"GADDAPOTHARAM CHERUVU, GADDAPOTHARAM VILLAGE, JINNARAM
MANDAL, SANGAREDDY DIST",TANK,TELANGANA,34,5.4,7.4,5140,15,24.18,27,240,0
182.22.24.124-10.42.0.211-443-53950-6,"GANDIGUDEM TANK , MEDAK DISTRICT",TANK,TELANGANA,24,6.2,7.5,1802,8,14.2,10,140,1
10.42.0.211-77.234.44.41-47574-80-6,"IBRAHIM CHERUVU, RAJENDRA NAGAR",TANK,TELANGANA,33,1.2,8.4,2097,20,14.6,63,540,1
172.217.10.234-10.42.0.42-443-45407-6,"ISNAPUR TANK, ISNAPUR (V) PATANCHERU 9M) SANGAREDDY
DISTRICT",TANK,TELANGANA,25,5.4,7.5,5400,22,23.28,20,280,1
10.42.0.211-98.139.199.205-44414-443-6,"JOGULAMBA TEMPLE, GADWAL",TANK,TELANGANA,30,6,8.2,1488,4.2,3.7,33,430,1
217.69.133.211-10.42.0.151-443-35323-6,"KAJIPALLY TANK, KAJIPALLY, MEDAK",TANK,TELANGANA,25,5.6,7.3,3964,10,21.15,8,63,1
172.217.3.106-10.42.0.211-443-44603-6,"KISTAIPALLY TANK, KAZIPET,
WARANGAL",TANK,TELANGANA,34,5.4,7.5,4810,6.6,16.1,9,150,0
172.217.12.195-10.42.0.211-443-49633-6,"KISTAREDDYPET TANK , MEDAK DIST.",TANK,TELANGANA,23,6.2,7.6,2895,9.5,26.1,8,84,0
203.205.158.35-10.42.0.151-80-60741-6,"KOMATI CHERUVU, SIDDIPET TOWN, SIDIPET DISTRICT",TANK,TELANGANA,34,6.5,7.5,893,23,11.1,6,47,0
10.42.0.211-10.42.0.1-33165-53-17,"KOTI CHERUVU, HANAMKONDA, WARANGAL",TANK,TELANGANA,28,4,8.4,1090,6,5.2,27,430,0
172.217.3.106-10.42.0.151-443-55804-6,"LAKADARAM CHERUVU, LAKADARAM
(V) PATANCHERU (M) SANGAREDDY
DISTRICT",TANK,TELANGANA,26,5.8,7.4,1439,6,14.17,9,94,0
10.42.0.211-66.198.24.224-54375-443-6,"LARGE TANK, SAROORNAGAR (V)",TANK,TELANGANA,35,0.3,8.3,1615,22,18,47,540,0
10.42.0.211-10.42.0.1-55173-53-17,"MAHABOOBSAGAR TANK SANGAREDDY
(V & M) SANGAREDDY DISTRICT",TANK,TELANGANA,25,6.3,7.5,1347,6,11.18,10,170,0
172.217.12.174-10.42.0.42-443-35182-6,MALLAPUR TANK,TANK,TELANGANA,27,0.3,8.2,2496,18,14.6,94,540,1
192.229.173.173-10.42.0.211-80-42618-6,MALLEPALLY TANK MALLEPALLY (V) KONDAPUR (M) SANGAREDDY DISTRICT,TANK,TELANGANA,24,6.4,7.4,1457,5,12.13,12,70,0
10.42.0.211-66.231.239.125-42525-443-6,"MUCHARLA NAGARAM CHERUVU, WARANGAL",TANK,TELANGANA,29,5.7,8.6,1221,4,6.8,34,350,1
203.205.158.62-10.42.0.42-80-41446-6,"MULLAKATWA CHERUVU, JI TECH CITY, MADHAPUR,",TANK,TELANGANA,33,0.3,7.9,3030,14,31.8,33,1600,0
10.42.0.211-10.42.0.1-61211-53-17,"MUTHANGI TANK, MUTHANGI (V), PATANCHERU (M) SANGAREDDY
DISTRICT",TANK,TELANGANA,26,6.2,7.5,1709,5.7,12.11,7,70,1
10.42.0.211-106.11.94.27-39159-443-6,"PEDDA CHERUVU, MANSOORABAD (V), SAROORNAGAR",TANK,TELANGANA,35,4.6,8.4,1178,8,6,58,430,0
10.42.0.211-74.119.118.71-52108-443-6,"PREMAJIPET TANK, KATTEDAN, RANGAREDDY",TANK,TELANGANA,29,2.6,8.4,4320,26,12,21,540,1
10.42.0.211-23.208.168.108-60937-443-6,"RANGASAMUDRAM, WARANGAL",TANK,TELANGANA,29,3.7,8.6,1306,10,5.6,27,430,0
10.42.0.211-123.125.29.220-47165-80-6,"RAYAM CHERUVU, BONTHAPALLY VILLAGE, JINNARAM MANDAL,
SANGAREDDY DISTRICT",TANK,TELANGANA,34,5.8,7.4,1325,4,10.2,9,47,1
216.58.219.234-10.42.0.151-443-33406-6,"RUDRARAM TANK, RUDRARAM (V)PATANCHERU (M) SANGAREDDY
DISTRICT",TANK,TELANGANA,25,6.4,7.5,1898,6,15.1,8,84,0
172.217.12.206-10.42.0.151-443-34075-6,"SAKI TANK, PATANCHERU, RANGA REDDY",TANK,TELANGANA,23,6.6,7.5,1180,6.2,14.1,11,48,1
203.90.242.126-10.42.0.42-443-43476-6,"SUNNAM KUNTA, JUBILLE HILLS",TANK,TELANGANA,29,6.6,8.5,820,8,8.1,27,430,1
158.85.58.124-10.42.0.151-5222-59476-6,"WADDEPALLY TANK, KAZIPET,
WARANGAL",TANK,TELANGANA,29,6.3,8.5,644,3,2.6,26,350,1
10.42.0.151-10.42.0.1-49458-53-17,"YERDANOOR TANK, YERDANOOR (V)
SANGAREDDY DISTRICT",TANK,TELANGANA,25,6.6,7.5,1437,5,15.15,12,84,0
198.105.244.11-10.42.0.211-80-34802-6,"DHAMBUR LAKE, DHALAI",LAKE,TRIPURA,28.5,5.9,7.4,200,1.6,3,58,220,0
10.42.0.211-10.42.0.1-23679-53-17,"DIMASAGAR LAKE, NORTH GATE",LAKE,TRIPURA,30,5.9,7.3,198,2.2,3.08,63,280,0
10.42.0.211-123.125.46.33-47558-80-6,"LAXMI NARAYAN BARI PALACE
COMPOUND, TRIPURA",LAKE,TRIPURA,29,6.4,7.5,211,1.5,2.94,58,210,0
172.217.10.46-10.42.0.42-443-48987-6,MBB COLLEGE LAKE,LAKE,TRIPURA,30,6.2,7.5,198,1.8,2.55,41,210,0
151.101.117.140-10.42.0.211-443-36821-6,RUDRASAGAR EAST LAKE TRIPURA,LAKE,TRIPURA,29,6.3,7.5,203,1.9,2.73,58,220,1
10.42.0.211-31.13.80.5-57844-443-6,"RUDRASAGAR NORTH LAKE,TRIPURA",LAKE,TRIPURA,29,6.9,7.3,206,2.3,3.5,84,280,0
10.42.0.211-106.11.94.6-58297-443-6,RUDRASAGAR WEST LAKE TRIPURA,LAKE,TRIPURA,29,6.5,7.7,181,2.1,2.73,63,280,0
10.42.0.211-65.52.108.74-60952-443-6,"RUDRASAGAR, SONUMURA, TRIPURA",LAKE,TRIPURA,28.5,5.8,7.5,187,1.7,3.06,49,240,1
157.240.2.36-10.42.0.42-443-58303-6,"BRAMAKUNDA POND, WEST TRIPURA",POND,TRIPURA,28.5,6.5,7.5,228,1.8,2.48,48,170,0
172.217.3.98-10.42.0.211-443-47772-6,CHATURDASH DEBATA BARI POND,POND,TRIPURA,29,6.7,7.3,194,1.8,2.39,46,170,1
203.205.190.44-10.42.0.211-80-40151-6,DURGABARI POND,POND,TRIPURA,30,6.1,7.3,198,1.9,2.49,48,210,0
224.0.0.251-10.42.0.42-5353-5353-17,"JAGANNATH DIGHI, SOUTH TRIPURA",POND,TRIPURA,29.5,6.2,7.3,201,2.2,3.08,58,210,1
180.76.157.91-10.42.0.211-80-42191-6,"KALYANSAGAR AT MATARBARI, SOUTH TRIPURA",POND,TRIPURA,29.5,6.8,7.7,220,2.6,4,93,280,0
198.105.244.11-10.42.0.211-80-43554-6,KATAL DIGHI POND,POND,TRIPURA,29,6,7.5,191,1.6,2.48,47,210,1
172.217.11.46-10.42.0.211-443-44402-6,LALBAHADUR DIGHI POND,POND,TRIPURA,30,5.9,7.4,198,1.9,2.4,47,220,0
10.42.0.151-123.125.46.11-46460-80-6,"MAHADEB DIGHI, SOUTH TRIPURA",POND,TRIPURA,29,6.8,7.4,192,1.5,2.39,63,240,1
10.42.0.211-68.67.178.110-37718-443-6,RADHANAGAR POND,POND,TRIPURA,30,6.2,8,216,11,6.6,94,430,0
174.35.73.108-10.42.0.42-443-38229-6,"SHIPAHIJALA POND, WEST TRIPURA",POND,TRIPURA,29,5.9,7.2,192,1.9,2.9,58,210,0
10.42.0.211-10.42.0.1-27212-53-17,"RAMGARH LAKE, U.P.",LAKE,UTTAR PRADESH,24,8.8,9,539,6.8,-,40000,64000,1
10.42.0.211-54.243.32.68-41556-443-6,"SAMARPUR JHEEL, RAEBARELI",LAKE,UTTAR PRADESH,26,7,8.2,371,5,0.92,4300,7900,0
10.42.0.211-121.196.192.72-32988-9920-6,"LAXMI POND, JHANSI",POND,UTTAR PRADESH,22,5.8,8.4,629,15,-,-,-,1
172.217.12.202-10.42.0.211-443-34530-6,"MAAHIL POND, URAI TEHSIL, JALAUN",POND,UTTAR PRADESH,23.2,4.7,8.9,1336,32,-,4300,6300,0
10.42.0.42-91.190.219.41-33662-12350-6,BHEEMTAL LAKE,LAKE,UTTARAKHAND,23,9,8,210,1.6,0.37,170,540,0
172.217.10.142-10.42.0.42-443-48612-6,"NAINI LAKE AT NAINITAL (WATER
INTAKE POINT)",LAKE,UTTARAKHAND,22,9.6,7.8,440,2,0.36,350,920,1
172.217.9.226-10.42.0.151-443-49476-6,"BELBONI LAKE NEAR BARJORA,
BANKURA",LAKE,WEST BENGAL,30,8.6,8.1,195,1.7,0.3,2200,3900,0
198.105.244.11-10.42.0.211-80-40845-6,"HANUMAN GHAT ON DUDHPUKUR AT
TARAKESHWAR, HOOGHLY",LAKE,WEST BENGAL,34,13.1,8.7,763,8.5,0.72,35000,54000,1
203.205.151.47-10.42.0.211-80-35689-6,"HATISHALA GHAT ON DUDHPUKUR AT
TARAKESHWAR, HOOGHLY",LAKE,WEST BENGAL,34,10.9,8.6,868,6.9,0.8,92000,160000,1
172.217.11.10-10.42.0.151-443-48688-6,JOREPOKHARI LAKE AT SUKHIAPOKHARI,LAKE,WEST BENGAL,24,7.8,7.9,97,1.8,0.3,5000,13000,0
10.42.0.1-10.42.0.42-53-19346-17,"KOCHBIHAR LAKE (SAGAR DIGHI),
COOCHBEHAR",LAKE,WEST BENGAL,30,8.2,7.6,68,2.2,0.3,5000,13000,0
198.105.244.11-10.42.0.211-80-36738-6,LAKE RASIKBHEEL AT COOCHBEHAR,LAKE,WEST BENGAL,33,8.9,8.4,128,2.1,0.3,2600,9000,0
10.42.0.42-64.71.142.124-34963-80-6,"MAINH GHAT ON DUDHPUKUR AT TARAKESHWAR, HOOGHLY",LAKE,WEST BENGAL,34,12,8.7,775,7.2,0.9,240000,540000,1
205.185.216.42-10.42.0.211-80-57576-6,"MIRIKH LAKE, DARJEELING",LAKE,WEST BENGAL,24,6.9,8,196,2.8,0.32,5000,14000,1
220.170.182.31-10.42.0.211-443-36043-6,"RABINDRASAROVAR NATIONAL LAKE,
CALCUTTA, WEST BENGAL",LAKE,WEST BENGAL,31,9.7,8.5,826,4.1,1.9,790,1700,0
180.149.136.194-10.42.0.211-443-42016-6,SAHEBBANDH AT PURULIA,LAKE,WEST BENGAL,32,9.8,7.6,422,7.3,0.8,9400,12000,0
183.79.250.123-10.42.0.211-443-35949-6,SINCHAL LAKE FOR DARJEELING,LAKE,WEST BENGAL,16,8.1,7.6,29,1.1,0.3,110,210,1
10.42.0.211-23.194.141.191-58966-443-6,"WATER RESERVIOR AT DELO LAKE,
DARJELLING",LAKE,WEST BENGAL,24,8.2,7.6,36,1.8,0.3,130,330,0
180.163.255.159-10.42.0.211-80-57431-6,WATER RESERVIOR ST. HELENS SCHOOL,LAKE,WEST BENGAL,18,8.5,7.9,73,1.6,0.3,110,330,1
